Description,GTEX-111YS-0426-SM-5987O,GTEX-1122O-0826-SM-5GICV,GTEX-117YX-1126-SM-5H128,GTEX-11DXX-0326-SM-5PNWC,GTEX-11EM3-0626-SM-5H12Z,GTEX-11I78-0826-SM-5A5K4,GTEX-11LCK-0926-SM-5A5KA,GTEX-11TT1-1326-SM-5PNYM,GTEX-11ZUS-0226-SM-5FQT8,GTEX-1211K-0626-SM-5FQUZ,GTEX-12696-1126-SM-5FQTI,GTEX-12WSD-1126-SM-5EGJD,GTEX-12WSG-0526-SM-5FQTH,GTEX-12WSK-0626-SM-5LZUJ,GTEX-12WSN-5001-SM-7DHMK,GTEX-13112-0426-SM-5PNVC,GTEX-131XF-5001-SM-7DHLY,GTEX-131XG-0626-SM-5GCMP,GTEX-132AR-2026-SM-5IJG4,GTEX-132NY-1726-SM-5EGKK,GTEX-132QS-0426-SM-5KLZ6,GTEX-1399R-1926-SM-5K7X8,GTEX-1399S-1026-SM-5KLZ9,GTEX-1399U-0526-SM-5K7YM,GTEX-13CF3-0726-SM-5J2MY,GTEX-13D11-1726-SM-5IFGQ,GTEX-13FH7-0926-SM-5J2MR,GTEX-13FTW-1026-SM-5L3E3,GTEX-13O21-2326-SM-5MR3X,GTEX-13O61-0526-SM-5J2M1,GTEX-13OVG-0526-SM-5K7YD,GTEX-13OVL-0526-SM-5KLZQ,GTEX-13PVQ-1226-SM-5IJDC,GTEX-13PVR-1026-SM-5QGQW,GTEX-13QBU-0426-SM-5J2O4,GTEX-13S86-0226-SM-5S2PJ,GTEX-13U4I-0826-SM-5SIBD,GTEX-13VXT-1126-SM-5LU3A,GTEX-13W3W-0426-SM-5SI9D,GTEX-145MN-0626-SM-5QGRH,GTEX-146FH-1026-SM-5RQIF,GTEX-146FR-0626-SM-5RQJ1,GTEX-14A6H-0226-SM-5Q5DX,GTEX-14DAQ-1126-SM-664MT,GTEX-14E1K-1026-SM-73KUR,GTEX-14E6C-0426-SM-5YYA8,GTEX-14H4A-0626-SM-5ZZUT,GTEX-14PHX-2126-SM-6EU2U,GTEX-14PHY-0226-SM-5ZZWM,GTEX-14PJ4-1126-SM-5YY91,GTEX-14PJ6-0726-SM-69LOL,GTEX-14PK6-0826-SM-5ZZVO,GTEX-14PN3-0526-SM-69LQF,GTEX-14XAO-1126-SM-6EU11,GTEX-15CHC-0426-SM-6LLHI,GTEX-15CHR-0226-SM-7PC2Z,GTEX-15EOM-5007-SM-793DG,GTEX-15ER7-1726-SM-6PAMX,GTEX-15RIE-1726-SM-7KUMU,GTEX-15RJ7-0226-SM-7KUMN,GTEX-16BQI-0926-SM-6M485,GTEX-16XZY-0426-SM-793BI,GTEX-16YQH-0926-SM-793BC,GTEX-17GQL-0526-SM-72D5N,GTEX-17KNJ-0826-SM-793A4,GTEX-18A66-1226-SM-7LT8G,GTEX-18A67-1226-SM-7KFRS,GTEX-18D9B-1226-SM-72D6V,GTEX-18D9U-1126-SM-72D5Y,GTEX-1AX8Z-5007-SM-AHZ36,GTEX-1AX9J-1026-SM-72D6E,GTEX-1AYCT-0426-SM-73KVZ,GTEX-1B8KE-0126-SM-793AM,GTEX-1B932-1026-SM-793CL,GTEX-1B97J-0726-SM-7RHG3,GTEX-1B996-1126-SM-73KWN,GTEX-1C64O-0826-SM-79OKZ,GTEX-1CB4E-0526-SM-7MXTK,GTEX-1CB4G-0826-SM-7DUGF,GTEX-1CB4J-0326-SM-7PBZO,GTEX-1EMGI-1226-SM-793DD,GTEX-1EU9M-1826-SM-7DUGU,GTEX-1F5PK-0326-SM-9KNUD,GTEX-1F6I4-0726-SM-7PC2P,GTEX-1F75I-1126-SM-9WYUO,GTEX-1GF9U-0426-SM-7RHHA,GTEX-1GL5R-0326-SM-9WYTJ,GTEX-1GMR2-1426-SM-7RHHK,GTEX-1GMR3-0326-SM-7P8QT,GTEX-1GMRU-1526-SM-9WYT5,GTEX-1GN1W-0326-SM-9JGHF,GTEX-1GN73-2426-SM-7RHFQ,GTEX-1H11D-1226-SM-9WPQ2,GTEX-1HC8U-0726-SM-ACKXL,GTEX-1HCUA-0526-SM-A9SMH,GTEX-1HFI7-0826-SM-A9G23,GTEX-1HSGN-1126-SM-CJI4G,GTEX-1HSMO-1226-SM-CL548,GTEX-1HSMQ-0226-SM-C1YQL,GTEX-1I6K7-0626-SM-ARL7Q,GTEX-1IDJE-0326-SM-CM2TD,GTEX-1IDJF-0726-SM-CJI1U,GTEX-1IDJI-1026-SM-A96TE,GTEX-1IDJU-0726-SM-CNPQ9,GTEX-1IKOE-1026-SM-ARZMF,GTEX-1J8EW-0926-SM-A9G33,GTEX-1J8Q3-1226-SM-CKZPT,GTEX-1J8QM-0426-SM-AHZ3X,GTEX-1JK1U-0526-SM-CYPSQ,GTEX-1JMLX-1626-SM-ARZMV,GTEX-1K9T9-1126-SM-D3L9E,GTEX-1KANC-0426-SM-CXZK5,GTEX-1KD5A-1026-SM-CY8I8,GTEX-1KXAM-1326-SM-E9TJW,GTEX-1L5NE-0426-SM-E9TIX,GTEX-1LC47-1026-SM-D3LAH,GTEX-1LGOU-0726-SM-E9TIY,GTEX-1LGRB-1126-SM-CNPP2,GTEX-1LH75-0426-SM-E9TJF,GTEX-1LSNM-0526-SM-DIPG6,GTEX-1LVAN-1726-SM-CNNR1,GTEX-1MCC2-0326-SM-EV7AK,GTEX-1MUQO-1226-SM-E9TJK,GTEX-1OFPY-1026-SM-EXUSO,GTEX-1OKEX-0726-SM-DPRYE,GTEX-1QCLZ-0926-SM-E6CQZ,GTEX-1QP29-1526-SM-EXUSY,GTEX-1QP2A-1126-SM-EVR3H,GTEX-1QPFJ-1026-SM-E6CR6,GTEX-1R9JW-0526-SM-EWRNK,GTEX-1R9K5-1326-SM-E6CPR,GTEX-1RB15-0326-SM-E6CQB,GTEX-1RMOY-0626-SM-E9TIE,GTEX-1S3DN-0726-SM-E9TIO,GTEX-N7MS-0826-SM-2HML4,GTEX-N7MT-1326-SM-2I3FV,GTEX-NFK9-0926-SM-2HMJU,GTEX-NPJ8-0426-SM-2HMK6,GTEX-O5YT-0326-SM-32PKA,GTEX-O5YW-0326-SM-2I5EI,GTEX-OHPK-0326-SM-2HMJO,GTEX-OHPL-0326-SM-33HC8,GTEX-OHPM-0326-SM-33HCA,GTEX-OIZF-0326-SM-3MJGY,GTEX-OIZH-0326-SM-2HMKC,GTEX-OOBJ-0326-SM-33HBO,GTEX-OXRK-0826-SM-2HMK7,GTEX-OXRL-0326-SM-2I3F2,GTEX-P4PP-0326-SM-33HC4,GTEX-P4PQ-0326-SM-2HMJ8,GTEX-P4QS-0326-SM-2I3EU,GTEX-P78B-0426-SM-2I5F5,GTEX-PLZ5-0626-SM-2I5F8,GTEX-POMQ-0326-SM-2I5FO,GTEX-PSDG-0926-SM-2I5FP,GTEX-PWCY-0526-SM-5P9HG,GTEX-PX3G-0326-SM-2I3EO,GTEX-Q2AH-0526-SM-2I3ED,GTEX-QDVJ-0426-SM-2I5FW,GTEX-QDVN-0326-SM-2I3FS,GTEX-QEG4-0426-SM-33HC3,GTEX-QESD-0526-SM-2I5G5,GTEX-QLQ7-0526-SM-2I5G3,GTEX-QMRM-0526-SM-2I5GA,GTEX-QV44-0526-SM-2S1RE,GTEX-R53T-0926-SM-3GADH,GTEX-R55C-0326-SM-3GAF1,GTEX-R55E-1026-SM-2TC5S,GTEX-R55G-0526-SM-2TC5O,GTEX-RU72-0326-SM-2TF5T,GTEX-RUSQ-0526-SM-2TF72,GTEX-RWS6-0326-SM-2XCAP,GTEX-RWSA-0626-SM-2XCBD,GTEX-S32W-0626-SM-2XCBG,GTEX-SE5C-0626-SM-2XCDV,GTEX-SNMC-0126-SM-2XCFO,GTEX-SUCS-0326-SM-32PLL,GTEX-T6MN-0926-SM-32PLX,GTEX-U3ZH-0326-SM-3DB7A,GTEX-U3ZN-1426-SM-3DB87,GTEX-U4B1-0326-SM-3DB8K,GTEX-U8XE-1126-SM-3DB8W,GTEX-UJHI-0426-SM-3DB8Y,GTEX-UJMC-0526-SM-3GAE3,GTEX-V955-0726-SM-3GAFG,GTEX-WEY5-0426-SM-3GIKT,GTEX-WFG7-0726-SM-3GIKO,GTEX-WFG8-0626-SM-3GILJ,GTEX-WFON-0326-SM-3GIKX,GTEX-WH7G-0426-SM-3NMBJ,GTEX-WHPG-0826-SM-3NMBF,GTEX-WHSE-0926-SM-3NMBS,GTEX-WHWD-0426-SM-3LK83,GTEX-WY7C-0526-SM-3NB3D,GTEX-WYJK-1026-SM-3NM8W,GTEX-WZTO-1326-SM-3NM8X,GTEX-X3Y1-0426-SM-3P5Z4,GTEX-XBED-0526-SM-47JY3,GTEX-XGQ4-0326-SM-4GIEE,GTEX-XPT6-0126-SM-4B65S,GTEX-XPVG-0826-SM-4B654,GTEX-XQ3S-0626-SM-4BOOB,GTEX-XQ8I-0126-SM-4BOPL,GTEX-XV7Q-0826-SM-4BRV7,GTEX-XXEK-0926-SM-4BRWH,GTEX-Y114-0226-SM-4TT8W,GTEX-Y3I4-0626-SM-4TT7A,GTEX-Y3IK-0826-SM-51MT8,GTEX-Y5V5-0626-SM-4VBPX,GTEX-Y5V6-0826-SM-4VBRU,GTEX-Y8E4-0326-SM-4VBRR,GTEX-YB5K-0126-SM-5IFJ2,GTEX-YEC3-0726-SM-CMKFH,GTEX-YEC4-0326-SM-4W216,GTEX-YF7O-0426-SM-5P9FS,GTEX-ZAB5-0226-SM-5CVMH,GTEX-ZDTT-0726-SM-4WKFK,GTEX-ZDXO-0726-SM-57WBT,GTEX-ZDYS-0226-SM-5HL4K,GTEX-ZF29-0226-SM-4WKHO,GTEX-ZF2S-1026-SM-9QEGK,GTEX-ZF3C-1226-SM-4WWCB,GTEX-ZG7Y-0926-SM-5EQ6O,GTEX-ZGAY-0326-SM-57WF5,GTEX-ZPCL-0426-SM-DNZZ4,GTEX-ZPIC-0826-SM-4WWFJ,GTEX-ZPU1-0626-SM-4YCDM,GTEX-ZTPG-1226-SM-4YCDO,GTEX-ZUA1-0826-SM-4YCDL,GTEX-ZV7C-0326-SM-57WB1,GTEX-ZVT2-1026-SM-5GU55,GTEX-ZVZP-0226-SM-5NQ73,GTEX-ZYFG-0426-SM-5E43M,GTEX-ZYT6-1726-SM-5E44P,GTEX-ZZPU-0926-SM-5GZYT
ATP1A1,85.73,101.6,71.39,114.7,288.0,240.7,114.8,303.7,43.31,201.2,86.48,48.48,209.3,172.0,171.7,33.39,70.59,423.8,206.3,82.63,137.6,54.27,168.2,86.84,365.1,110.9,263.6,81.52,71.49,116.1,79.3,45.14,72.91,82.83,139.8,349.6,111.3,99.7,281.4,233.2,144.9,80.13,88.44,32.57,77.64,96.18,176.8,47.22,101.6,130.3,80.15,127.5,77.23,554.7,77.5,67.31,409.6,45.15,246.6,109.2,76.02,86.72,72.77,366.4,123.5,254.5,171.1,171.2,86.99,112.9,96.75,65.42,124.4,77.67,80.98,119.1,61.15,107.5,32.62,131.1,94.78,100.8,50.3,33.48,102.9,142.9,99.46,58.96,132.8,140.0,331.3,60.52,121.2,58.97,112.8,105.3,59.01,287.5,151.5,221.7,62.03,127.7,108.4,137.8,176.9,79.67,162.1,144.8,116.6,71.66,193.9,100.1,82.72,107.5,191.5,271.4,89.89,187.9,249.0,195.3,103.6,88.55,109.5,93.96,101.0,83.81,91.5,126.0,120.5,49.76,76.6,87.37,86.12,101.5,43.91,20.31,32.64,186.6,199.8,57.95,68.81,129.8,64.89,54.56,149.8,40.73,111.5,73.68,53.89,101.7,483.2,79.46,229.3,58.83,60.49,140.1,75.1,152.6,251.0,449.3,55.37,123.8,82.78,79.45,79.32,86.29,67.34,41.43,225.3,163.9,208.9,67.37,101.6,164.4,190.7,83.51,267.0,59.41,55.14,87.08,231.8,218.2,106.6,113.6,61.56,60.84,256.4,92.92,50.37,136.4,112.8,219.6,113.6,195.8,62.01,48.35,62.25,189.0,113.7,69.72,36.22,56.71,49.74,350.3,136.2,117.8,113.7,57.49,39.09,88.95,40.37,374.1,76.61,122.8,319.9,80.13,93.31,36.35,137.2,81.07,90.19,13.41,170.1,101.9,112.2,231.0,70.68,246.4,9.687,100.1,79.45,100.9,84.34,9.151,103.4
ATP2A2,726.0,937.9,517.8,743.6,353.4,673.2,538.9,1100.0,612.2,880.0,808.0,210.5,601.2,607.2,653.3,160.3,751.1,474.5,731.1,759.3,783.3,387.0,960.4,583.6,637.2,1117.0,1076.0,603.1,700.3,860.9,524.4,406.9,170.9,726.1,659.3,1395.0,703.1,499.8,552.1,556.9,763.7,420.4,571.2,95.92,658.1,295.4,887.3,477.3,963.8,786.9,676.0,1078.0,436.2,764.1,877.9,849.1,1127.0,169.9,1257.0,850.4,468.1,625.5,434.5,300.5,831.4,1001.0,1741.0,717.3,497.4,1018.0,859.3,813.5,872.8,601.3,489.0,319.9,195.9,582.4,195.5,670.4,492.4,497.6,374.8,260.1,718.7,673.8,703.9,574.1,725.3,375.6,722.4,448.9,463.7,380.6,1291.0,822.4,569.8,168.5,341.5,700.0,485.6,442.7,514.4,669.4,1343.0,451.6,781.0,515.4,1010.0,150.4,91.25,1080.0,504.3,626.5,899.0,375.7,501.9,716.5,890.3,381.4,455.5,561.1,823.3,1003.0,468.6,677.8,449.0,424.5,649.2,480.2,254.6,727.6,750.4,742.5,144.2,14.54,377.9,237.4,1734.0,746.8,493.2,700.3,589.0,805.2,741.5,482.3,696.2,608.2,645.7,665.0,458.9,361.7,214.1,791.3,397.7,547.8,482.6,1063.0,886.2,1200.0,448.9,910.3,866.6,789.3,892.1,970.2,990.3,351.3,1586.0,1196.0,682.5,608.3,407.1,1587.0,1011.0,787.0,662.7,321.4,439.1,514.6,1059.0,614.9,921.1,985.7,1325.0,707.7,858.5,1173.0,888.8,551.4,743.6,647.2,1429.0,505.5,487.8,565.1,687.7,956.0,772.3,369.5,436.8,473.1,256.5,234.0,769.0,1170.0,380.3,422.2,225.5,738.3,278.8,227.0,792.2,348.9,399.4,742.1,679.5,299.8,844.4,696.0,600.2,10.54,682.3,496.6,556.4,277.3,706.9,1009.0,8.232,757.5,757.2,981.6,700.2,13.29,1154.0
CACNA1C,10.25,15.07,14.74,11.91,13.5,17.21,11.73,12.33,13.34,13.97,14.62,14.13,15.83,15.72,15.95,10.78,18.64,16.36,15.33,14.92,26.79,6.656,18.16,12.44,23.71,17.88,21.56,13.27,10.83,12.03,12.75,13.59,7.677,12.22,11.98,21.0,19.84,12.38,17.75,13.64,15.77,12.3,13.57,7.328,13.22,8.253,17.32,9.696,21.55,13.59,15.11,19.57,11.85,15.21,15.65,11.45,21.12,7.982,11.66,20.54,10.24,23.42,10.97,16.84,17.87,19.64,16.38,14.68,15.91,21.51,18.65,15.87,14.24,27.53,12.63,9.413,14.32,13.93,9.955,11.85,15.16,11.17,12.58,7.088,10.98,12.54,12.11,8.144,15.52,18.51,17.61,10.59,13.77,13.88,22.76,10.82,10.94,11.46,12.45,16.84,11.78,15.1,14.08,15.07,15.73,19.59,15.57,15.17,12.1,8.585,7.656,13.64,8.084,12.71,14.31,14.04,13.56,13.21,20.9,9.463,7.913,11.36,13.23,19.61,11.64,10.47,10.84,13.72,13.5,10.73,13.45,15.5,14.24,8.949,8.69,0.9232,9.955,10.17,23.18,8.417,13.87,14.35,7.64,12.03,12.38,12.28,13.67,12.76,8.297,13.74,8.722,9.517,11.22,21.97,9.768,20.21,14.79,23.99,15.5,47.06,8.688,14.09,17.45,14.89,14.5,15.16,10.57,7.711,19.49,13.75,27.19,10.58,7.536,20.51,13.77,10.66,21.77,13.87,10.85,17.04,14.55,17.89,16.27,13.45,13.78,10.64,13.18,12.95,10.64,12.17,13.21,7.67,16.16,10.44,11.45,11.7,16.42,16.96,11.31,11.28,10.69,8.509,6.751,9.817,10.32,10.47,7.3,11.61,7.268,13.24,7.799,12.95,11.47,8.629,22.77,11.45,12.41,8.82,12.61,12.42,14.57,1.207,21.75,10.88,12.58,26.6,10.63,33.07,1.241,14.3,10.18,15.32,15.18,1.438,16.4
KCND3,8.082,5.595,11.26,8.286,4.345,10.2,11.48,4.716,5.9,10.68,4.693,4.669,6.362,9.891,10.31,3.197,11.09,11.88,5.892,6.896,11.26,4.525,10.72,8.284,11.06,6.653,9.72,8.99,8.465,12.32,8.966,7.56,2.248,9.769,10.98,9.793,9.02,6.002,5.631,8.1,7.422,6.501,5.001,2.428,6.057,3.158,6.045,7.67,9.105,12.64,6.708,5.397,8.963,8.339,8.099,4.996,9.935,2.762,7.124,8.016,5.839,8.983,7.174,9.303,14.47,9.591,13.79,7.951,14.58,11.14,14.54,7.587,13.58,6.569,8.118,4.77,2.961,4.714,4.837,4.254,5.076,5.587,4.752,3.196,5.625,6.562,15.17,8.528,5.205,5.739,8.311,5.729,5.69,4.353,16.47,7.146,5.488,6.843,8.616,6.796,6.059,6.284,4.986,6.069,6.055,6.706,10.29,7.203,7.844,2.949,5.304,10.89,5.933,11.83,7.178,4.443,6.393,9.734,8.279,9.246,7.436,7.98,10.68,12.04,7.484,7.571,10.44,6.916,11.41,4.872,5.052,7.504,10.47,5.7,4.379,0.7402,5.092,4.166,10.35,4.195,6.189,9.795,10.56,7.133,10.98,6.643,6.994,9.044,4.675,10.99,10.18,4.183,7.821,7.877,7.617,6.334,6.296,11.31,8.916,16.92,5.232,5.05,14.35,11.18,7.567,8.127,11.43,3.788,7.109,5.739,5.873,10.5,5.76,8.035,11.34,10.52,16.75,6.886,7.407,6.73,7.46,9.303,10.37,14.02,12.48,5.681,11.62,8.207,9.449,5.068,6.954,5.094,10.89,10.0,10.85,8.657,11.59,13.11,5.338,4.015,5.26,6.041,3.652,4.235,6.108,8.139,6.826,8.777,4.426,9.582,3.748,5.309,9.285,9.709,10.57,6.43,9.63,5.298,8.433,11.15,4.631,0.2174,9.222,7.312,7.206,3.961,5.249,5.678,0.163,8.3,7.875,12.7,10.08,0.4142,8.769
KCNH2,33.84,39.57,43.87,42.4,51.85,55.99,42.32,11.51,39.18,50.39,35.18,26.25,24.19,58.94,39.05,14.47,53.04,74.81,20.14,48.96,39.46,23.04,55.07,37.09,54.23,42.91,51.21,56.4,55.22,49.88,37.62,36.17,13.12,35.62,55.17,26.55,33.73,33.56,67.69,64.95,57.75,41.45,30.74,10.42,41.72,11.96,28.57,40.65,45.57,38.53,39.9,27.04,40.94,66.0,53.29,27.24,23.19,16.01,46.51,52.91,31.68,35.13,25.4,79.15,43.98,65.61,50.32,46.42,55.5,37.63,47.11,36.34,45.77,38.72,44.45,21.18,25.66,36.92,16.84,29.25,31.17,37.11,33.29,19.43,42.23,39.46,42.47,30.12,39.27,33.69,83.74,27.61,46.34,23.96,53.2,40.72,35.75,21.57,49.69,69.43,24.77,55.89,41.85,50.35,47.38,32.37,48.5,77.42,42.87,18.63,17.93,54.26,25.92,50.45,51.46,11.47,51.54,39.94,37.33,32.94,26.56,37.19,53.91,48.82,43.67,32.05,47.48,41.93,56.98,35.4,30.23,35.7,44.31,41.05,16.38,0.8536,27.6,18.67,34.4,26.6,31.38,26.86,23.26,42.72,52.99,34.96,49.24,47.05,15.74,44.74,24.85,36.03,36.19,35.69,29.94,59.23,31.44,57.72,47.68,47.55,20.13,16.74,43.99,32.25,33.08,36.77,24.42,26.43,81.0,32.58,14.1,26.22,17.87,40.64,72.7,25.6,86.58,42.81,21.77,50.95,42.37,17.24,52.44,49.12,20.29,32.63,32.49,24.13,33.17,45.88,35.34,13.29,53.99,52.09,41.69,36.49,40.25,53.39,35.21,35.44,33.09,29.04,26.78,42.76,15.07,43.59,37.14,30.65,20.44,38.08,27.54,56.59,43.97,40.54,85.93,44.35,42.09,30.82,38.46,44.9,36.09,2.601,34.97,37.79,41.46,86.15,30.67,22.33,0.6918,46.67,38.38,38.52,40.14,1.648,46.42
KCNIP2,177.7,133.1,83.12,243.7,36.12,30.65,64.13,166.3,273.7,50.68,83.27,56.01,240.6,35.38,5.152,112.3,393.9,21.24,205.7,263.1,12.6,17.66,182.6,210.4,11.2,195.7,105.0,76.04,327.0,101.1,70.28,241.3,35.05,81.69,20.36,248.3,164.0,96.31,14.69,5.577,17.59,79.95,502.9,57.46,257.9,27.48,80.27,256.6,222.2,162.8,184.9,151.2,129.6,96.53,313.1,175.0,112.3,75.82,145.2,19.97,145.0,118.4,212.5,27.91,13.21,18.96,149.9,22.35,129.2,113.3,183.7,199.9,252.0,306.3,26.69,67.41,125.4,76.47,173.1,41.3,19.7,13.91,142.7,175.0,159.6,7.072,53.72,47.89,230.6,9.501,71.14,90.76,31.9,253.6,84.5,109.3,123.5,43.07,6.374,86.58,197.3,38.3,152.9,53.73,246.0,57.7,8.121,6.835,138.4,16.71,11.66,289.5,95.43,13.08,35.98,88.6,100.7,14.8,329.7,157.4,68.2,12.59,173.4,259.0,55.03,60.06,26.34,50.89,17.41,309.8,78.75,7.837,141.0,289.1,35.88,6.547,151.5,105.1,171.6,243.3,35.7,51.97,224.9,275.7,41.02,184.1,33.02,263.7,118.4,56.14,54.53,135.8,46.48,194.7,309.4,72.51,21.01,149.5,82.89,228.3,75.46,164.9,103.3,231.2,445.7,393.4,214.5,260.0,197.7,157.9,83.78,96.69,150.2,252.5,44.48,157.0,18.78,42.08,89.04,57.9,125.0,115.9,164.0,132.6,247.7,206.4,144.2,176.3,160.8,49.34,75.09,191.8,169.1,123.4,250.0,263.4,99.98,62.16,134.4,179.1,102.2,178.0,176.2,49.9,74.14,146.3,2.817,49.36,62.04,212.9,123.7,40.27,244.3,8.686,15.6,342.4,97.1,102.2,58.33,134.7,93.58,6.585,78.34,92.59,22.29,70.93,152.2,243.8,3.041,73.74,10.39,106.3,240.6,6.342,184.9
KCNJ2,9.223,8.081,6.885,4.537,3.154,9.094,6.015,7.667,6.795,7.237,2.799,11.36,3.829,7.002,7.509,4.714,9.75,8.504,10.49,10.37,8.595,6.593,5.684,9.277,9.607,11.49,4.201,8.942,9.548,9.479,7.045,6.427,1.418,9.152,7.242,15.91,20.12,11.29,2.864,4.97,6.894,5.379,4.402,12.51,14.15,2.9,10.73,4.985,6.8,6.257,12.16,9.824,11.14,2.873,7.809,6.89,8.638,5.175,8.749,10.04,7.18,5.657,5.716,7.373,16.06,9.256,7.591,4.51,9.431,14.46,8.35,9.404,11.82,13.79,11.74,2.666,6.116,7.414,5.484,2.477,8.8,10.75,9.299,6.236,7.074,5.784,12.06,8.418,6.9,10.31,5.631,6.349,7.748,7.91,11.49,7.05,5.252,4.99,6.56,4.684,14.17,6.259,17.49,6.229,9.501,13.63,6.638,8.055,6.766,4.3,3.051,8.643,4.915,7.57,8.573,4.974,8.339,8.445,6.106,4.162,11.64,10.2,9.433,8.808,4.118,12.4,11.5,4.98,9.358,16.1,9.824,5.799,10.37,3.326,4.898,0.8019,4.143,2.769,13.26,6.433,4.768,5.497,9.933,9.141,12.93,8.828,11.11,5.443,8.611,7.672,7.562,7.762,4.726,11.91,6.614,8.917,15.87,11.6,8.214,7.893,9.304,3.414,8.893,7.69,20.07,21.8,9.783,3.733,9.466,13.86,7.373,4.455,2.762,12.07,5.333,11.46,7.017,9.79,11.27,11.79,5.661,2.555,27.73,6.73,10.03,2.954,7.879,8.369,14.3,3.95,8.426,1.07,11.02,6.968,11.07,9.511,6.65,4.766,6.666,5.689,4.023,5.791,3.6,4.157,5.339,12.91,4.558,29.01,9.603,5.538,6.594,2.975,5.738,6.374,9.271,9.724,6.989,2.161,4.742,6.835,11.54,0.7893,8.161,6.468,10.95,4.988,8.339,5.986,0.5808,10.42,6.419,8.399,10.04,0.7216,8.827
KCNQ1,17.35,19.74,14.57,16.75,8.961,25.18,17.4,34.23,18.27,16.63,17.89,14.58,21.7,27.44,22.81,9.879,20.8,22.73,15.42,24.56,19.82,12.59,21.82,17.87,29.91,14.55,26.03,15.34,19.48,18.87,20.94,17.76,12.66,13.28,19.71,12.27,18.67,13.87,13.61,26.08,25.18,18.75,29.08,8.49,16.61,19.1,23.21,14.95,21.22,20.89,15.92,13.29,15.22,12.44,20.66,10.14,51.79,8.505,21.71,24.91,18.16,18.79,17.31,29.95,21.54,31.99,18.89,26.42,20.88,18.79,22.2,21.44,16.74,23.48,18.19,16.75,10.3,16.33,10.9,30.66,22.35,21.24,14.15,12.46,21.79,21.22,15.35,12.56,18.38,22.65,15.43,12.12,27.68,15.0,26.71,18.43,16.44,3.194,20.78,23.95,10.11,40.62,19.2,17.82,30.57,20.23,25.34,37.02,22.6,14.21,5.386,19.76,17.92,22.52,21.92,10.02,23.26,12.16,30.83,14.54,12.3,15.71,24.7,24.71,24.11,16.74,21.54,14.83,21.39,12.88,17.13,22.93,15.27,18.5,13.38,0.8864,13.5,13.23,23.07,14.99,17.58,11.47,11.86,15.47,26.46,16.47,14.92,20.81,6.838,16.0,20.7,17.87,13.16,18.65,13.11,21.92,14.57,24.66,29.69,33.86,11.83,16.08,16.44,14.09,17.2,15.51,13.38,13.14,44.59,21.05,14.8,10.81,10.18,24.64,24.0,10.1,35.88,17.68,9.699,22.18,23.34,15.92,19.94,19.81,10.09,12.53,14.54,18.1,17.3,20.69,16.33,19.85,28.04,15.23,19.41,19.31,18.43,21.66,16.44,11.23,13.72,14.93,8.789,6.726,12.0,22.11,17.41,13.89,9.594,15.71,13.51,7.431,18.81,17.39,18.66,15.3,19.96,12.48,23.23,15.2,22.76,2.722,15.47,18.52,21.87,15.99,16.55,16.35,1.585,22.56,16.94,16.18,15.08,1.549,20.65
RYR2,106.7,133.7,159.0,123.7,45.04,159.7,115.9,105.7,144.9,88.78,127.6,97.92,67.16,151.4,100.6,39.25,199.9,119.1,82.75,131.6,193.6,143.6,115.8,168.3,88.85,182.5,170.5,121.1,147.0,191.4,119.0,138.7,40.51,154.3,178.2,194.3,192.5,137.3,47.69,145.5,89.33,172.8,79.42,37.62,213.5,36.77,155.7,134.2,97.96,158.3,167.2,201.6,166.7,40.55,268.1,146.0,91.78,53.2,194.0,272.4,104.6,183.6,100.2,69.07,317.6,115.2,206.9,90.21,197.2,188.5,181.3,207.4,307.5,148.6,170.2,60.14,89.57,135.4,74.72,86.15,96.14,173.1,172.9,47.69,142.5,92.45,173.1,156.7,176.2,86.53,61.09,175.1,143.6,99.28,207.5,153.9,177.4,18.12,101.7,92.97,119.3,72.57,156.7,135.0,96.76,138.4,175.7,145.7,167.5,46.78,7.651,262.6,104.8,203.2,172.1,18.58,126.1,117.4,98.35,126.9,104.4,223.5,161.8,144.8,57.34,187.3,101.8,87.83,175.2,157.7,92.48,189.0,235.0,82.44,40.89,2.474,114.4,29.99,204.1,137.8,188.2,155.3,131.2,218.9,89.87,186.3,328.2,129.6,150.2,210.7,34.16,82.29,68.47,260.7,73.32,151.9,219.5,277.7,89.31,156.3,135.3,221.6,245.2,258.5,207.1,274.2,205.4,95.0,148.3,131.0,115.6,114.4,54.96,183.7,159.3,277.5,110.3,117.2,186.4,200.7,78.81,105.8,192.5,199.2,170.5,153.9,179.2,114.8,200.2,68.78,183.3,95.25,236.4,82.3,131.1,129.9,184.6,146.3,175.0,122.1,125.1,102.8,77.86,34.49,152.4,118.8,51.69,240.9,51.72,130.2,95.36,43.25,194.0,117.6,89.36,179.2,141.8,76.72,116.8,180.0,158.2,2.775,124.8,105.6,227.2,39.19,156.7,147.6,1.449,148.7,136.8,229.5,254.8,2.78,238.5
SCN5A,33.01,56.63,76.04,68.65,52.23,96.39,65.61,19.57,28.21,69.36,74.93,52.66,21.92,92.12,66.28,14.22,92.8,94.5,11.84,41.26,95.62,38.8,72.72,53.22,60.34,51.52,74.12,108.4,60.54,75.15,58.4,35.96,28.18,49.73,54.85,25.07,62.31,62.44,70.46,94.06,77.62,82.56,38.85,23.06,70.78,34.12,34.06,46.68,82.96,84.54,73.79,43.23,75.58,59.9,62.93,44.17,32.56,22.82,66.62,75.34,45.29,38.02,29.31,98.39,95.44,69.05,62.3,78.62,80.35,51.79,80.93,34.91,88.68,39.9,102.6,41.79,44.84,45.54,21.75,66.85,62.49,67.77,40.77,20.31,61.2,63.81,67.69,54.07,54.16,65.38,56.16,42.44,72.17,36.9,100.4,72.79,46.74,17.49,90.7,55.52,27.86,83.07,70.38,55.78,108.8,55.08,106.3,111.3,54.02,50.7,18.13,82.57,46.86,88.37,73.33,16.94,67.99,40.83,13.71,72.94,56.6,67.77,99.88,81.12,62.2,68.88,84.56,64.46,86.76,34.75,48.0,64.02,69.66,33.01,27.24,1.082,39.14,15.09,56.92,35.51,71.83,54.27,31.31,76.96,94.79,66.01,84.88,75.14,27.09,63.54,23.39,55.81,44.74,62.0,32.61,82.15,63.78,70.51,55.59,69.19,43.6,35.08,70.28,30.7,34.01,54.85,43.96,29.13,89.57,41.08,29.74,38.08,32.53,61.04,166.3,71.12,146.3,64.91,38.12,69.52,29.13,24.59,65.89,89.96,32.14,34.1,62.08,31.64,45.2,60.15,44.89,33.82,74.77,66.26,60.01,37.2,72.16,72.87,61.5,38.07,45.72,29.9,27.98,38.79,40.15,56.71,62.71,40.38,30.51,56.71,37.46,55.39,68.58,55.92,124.8,45.22,82.62,27.12,69.33,65.23,52.31,2.698,58.38,65.32,93.65,44.04,48.98,38.02,0.9478,97.86,79.07,56.42,37.67,2.129,70.17
SLC8A1,14.2,22.53,19.71,17.71,8.29,29.83,11.39,16.86,15.56,22.07,25.05,14.03,9.508,23.87,25.01,8.644,29.21,18.66,18.57,19.64,26.96,19.47,24.98,16.79,21.75,32.61,26.02,25.11,22.83,24.1,12.3,15.16,5.838,17.56,24.46,38.47,45.02,23.08,11.86,19.72,18.19,20.72,26.19,7.802,21.24,6.841,28.1,13.29,19.86,16.37,30.11,54.6,16.95,16.85,24.88,18.65,30.76,7.835,30.87,30.41,9.937,19.2,10.7,8.533,45.71,41.89,28.6,13.17,22.31,38.27,16.54,28.33,26.2,33.68,23.72,7.845,10.42,19.22,9.691,14.08,21.71,24.32,21.98,9.979,12.45,15.01,18.35,13.24,21.3,16.2,20.33,21.38,21.97,14.0,39.44,18.84,17.23,2.565,15.73,24.36,24.07,9.468,31.1,23.08,21.34,28.9,27.02,27.71,23.57,7.431,2.265,22.14,11.74,24.27,17.84,8.212,21.79,25.41,18.93,8.836,19.47,22.39,22.34,21.12,10.01,19.06,15.22,10.63,29.61,16.37,23.21,29.59,22.73,11.94,7.943,0.6301,7.068,4.863,39.6,15.76,14.67,29.93,14.8,26.0,16.16,19.05,26.68,11.28,23.84,20.36,11.82,15.24,8.293,30.22,7.923,28.26,26.67,32.29,26.38,26.51,19.66,18.8,29.79,30.24,30.03,45.58,16.48,9.85,32.87,37.64,9.603,12.92,11.99,35.79,34.84,38.03,18.68,13.4,18.15,38.69,21.09,12.85,31.51,24.81,24.48,19.29,17.55,24.71,22.08,16.55,27.12,9.232,39.81,15.22,10.91,16.0,17.2,20.58,22.57,13.47,11.58,13.9,7.149,4.03,18.18,30.79,16.98,42.54,7.668,17.62,9.086,5.488,20.05,11.66,20.86,23.05,24.37,13.18,24.11,23.81,29.3,0.4539,17.78,20.02,30.77,11.99,14.64,46.21,0.4334,20.74,18.09,29.06,20.33,0.5725,27.72
ATP1A2,142.8,151.2,199.5,84.92,7.838,234.9,253.3,9.683,84.72,145.1,161.6,136.8,26.43,190.4,138.7,58.71,392.0,150.1,22.26,112.9,222.5,142.9,157.6,193.7,95.89,112.9,103.7,152.3,190.8,236.7,203.3,112.9,36.24,131.1,201.5,133.4,138.5,132.0,78.43,216.0,178.7,302.1,53.91,36.75,159.6,36.93,61.94,165.0,149.4,180.1,171.6,51.01,184.8,10.45,190.6,54.15,52.02,47.36,148.0,164.4,132.5,185.4,48.49,88.02,185.1,76.12,237.6,172.1,360.4,253.0,209.3,140.6,302.3,100.2,260.4,70.67,100.0,160.6,53.25,110.6,160.1,95.57,156.2,44.86,146.4,93.84,184.4,257.5,96.18,126.4,38.7,109.3,129.0,142.6,263.4,160.8,161.7,15.12,200.4,86.47,60.1,156.4,252.9,82.45,143.9,145.5,231.2,203.9,219.6,65.18,3.961,263.5,85.4,281.8,238.4,22.61,173.4,204.5,69.17,178.2,191.2,152.3,284.4,142.0,268.8,235.1,279.1,179.5,220.2,125.2,106.9,195.2,273.4,99.97,47.82,2.812,158.1,14.48,91.78,98.37,232.8,51.75,240.5,171.2,311.0,257.2,271.4,220.4,109.0,160.1,33.18,103.3,129.7,159.4,129.9,157.7,125.9,209.7,29.32,93.92,87.48,54.09,211.7,129.3,182.8,143.8,137.6,82.94,122.2,96.81,74.33,114.3,32.46,226.2,269.2,161.4,139.7,149.9,124.2,124.8,55.97,32.19,194.2,290.8,139.4,98.43,141.1,102.8,204.4,111.0,117.0,40.97,268.7,162.9,182.4,82.9,206.9,136.6,171.8,121.8,131.9,92.34,91.27,7.831,49.99,145.7,175.2,212.0,57.05,109.3,144.5,14.33,213.8,185.7,118.6,186.2,217.9,59.67,160.2,112.5,95.45,3.856,130.3,156.7,359.7,21.18,109.4,74.27,7.989,320.3,146.8,186.1,142.7,14.32,184.8
ATP1A3,100.0,108.1,179.0,172.8,4.226,159.6,119.3,87.54,156.0,147.6,146.4,128.1,86.01,137.7,124.1,58.12,146.3,53.63,47.5,262.2,162.3,151.7,109.7,149.2,42.32,192.2,136.6,176.5,183.2,189.4,92.66,182.4,59.21,156.0,178.4,108.5,262.6,140.1,47.08,102.2,200.6,120.4,174.2,88.44,207.4,54.13,98.82,158.4,116.2,156.5,130.8,121.4,190.7,8.708,212.6,182.5,45.04,78.28,149.9,203.9,138.4,129.9,138.6,20.4,275.4,76.93,181.3,103.8,222.7,247.1,135.0,224.6,136.2,162.4,169.0,76.88,91.65,137.6,75.45,98.89,123.3,229.3,121.3,76.89,172.3,154.9,164.0,108.7,201.4,132.5,50.89,136.2,149.8,107.1,141.8,228.5,103.2,2.43,90.43,91.88,109.7,109.4,203.8,82.52,189.7,224.6,121.6,129.6,128.5,63.14,3.802,130.4,169.6,134.9,63.34,12.24,134.1,76.33,77.38,45.26,76.21,126.0,162.0,129.8,106.9,124.7,142.1,72.16,151.6,205.6,96.12,99.31,233.4,167.2,80.99,2.597,83.63,96.29,95.51,152.8,128.6,93.82,98.51,168.4,152.8,133.0,245.6,142.7,116.2,233.5,10.65,134.8,43.34,179.5,108.8,127.1,176.8,196.9,122.6,111.2,130.3,153.0,176.5,242.6,202.0,215.0,127.2,148.2,199.2,137.4,92.37,67.36,89.17,166.5,165.3,140.7,149.2,129.1,134.7,163.2,119.5,136.5,178.7,175.4,110.2,101.2,77.59,64.4,172.6,46.22,168.9,173.0,224.5,77.13,129.1,140.3,109.8,102.5,124.8,133.9,110.2,163.4,115.6,14.23,73.52,113.9,73.68,123.7,68.96,115.1,66.22,7.123,132.5,70.4,69.35,195.8,128.1,110.4,125.0,176.4,159.4,6.978,66.45,80.48,131.7,12.49,148.7,66.97,1.989,194.8,142.7,166.5,155.4,4.987,219.7
CACNA2D1,6.978,8.809,11.63,5.147,18.65,14.69,9.058,9.254,6.508,13.43,9.659,13.07,4.349,22.73,11.87,6.792,15.52,18.15,4.697,6.277,17.68,12.73,8.668,10.94,12.97,11.54,12.41,14.0,8.649,12.2,10.37,9.961,6.167,10.76,8.308,9.414,16.43,12.55,12.39,17.65,10.8,13.6,8.827,4.563,7.922,4.338,14.03,10.83,6.945,10.68,12.45,10.69,12.91,14.4,11.89,7.214,6.84,5.587,17.68,19.3,11.06,9.481,7.631,14.77,23.84,29.62,11.59,10.31,16.52,18.22,10.79,8.929,16.98,11.83,16.32,7.942,9.385,10.11,7.284,10.28,13.94,12.72,13.97,5.805,9.492,7.802,10.92,10.88,10.83,23.59,14.12,11.6,20.45,9.309,19.41,10.87,8.33,12.45,17.06,15.76,9.224,10.45,12.48,15.7,5.014,14.15,16.57,29.78,8.18,7.354,6.919,11.65,6.929,13.38,11.74,4.915,13.47,9.454,4.494,17.04,14.56,10.74,8.862,8.397,6.608,16.29,10.08,12.92,12.54,8.354,9.604,17.18,11.28,5.424,9.48,1.081,4.933,2.112,24.22,4.961,14.1,10.6,7.78,17.07,9.822,12.45,14.42,7.632,8.663,11.54,12.65,8.169,7.941,13.69,4.91,20.67,17.44,13.15,12.45,10.39,14.13,8.743,14.14,12.21,9.494,18.33,10.09,5.745,16.08,9.957,6.328,7.839,6.415,17.29,15.28,25.12,28.91,12.51,17.46,31.42,12.57,7.396,13.75,19.48,14.38,8.048,20.05,13.92,17.91,15.24,11.92,6.044,18.95,19.99,9.343,8.968,11.73,12.24,13.82,8.007,7.715,8.028,5.099,10.65,7.665,6.598,8.957,30.49,7.361,9.076,6.559,11.27,10.15,19.11,27.09,9.196,12.62,6.866,12.61,11.63,17.24,0.9995,9.799,16.07,13.9,11.04,8.947,6.844,1.001,12.77,15.1,10.84,10.84,1.111,11.36
CACNA2D2,0.5478,0.6192,0.7935,0.5402,0.2109,0.5593,1.189,0.4887,1.334,0.9328,0.5852,1.48,1.216,0.9231,0.9004,1.447,2.164,0.9978,0.6018,1.823,0.7702,1.051,0.8471,1.036,1.02,1.048,0.8221,0.7406,1.052,0.9223,1.225,1.483,0.3517,0.5628,1.821,0.9485,1.852,0.6642,0.5888,0.4322,2.504,0.8238,1.36,1.063,1.679,0.4481,0.484,1.066,0.8781,1.148,0.8642,1.138,1.217,0.3461,1.591,0.8922,0.6734,1.057,0.7611,1.887,0.9399,1.008,1.547,0.637,1.833,1.037,1.903,1.045,1.319,1.647,1.153,1.59,0.9853,1.563,1.17,0.87,0.6243,1.179,1.204,0.5997,2.285,1.148,0.6227,1.137,0.8519,1.313,0.9004,0.5975,1.576,3.18,0.4014,1.37,0.7256,0.8058,1.505,1.234,0.809,0.6304,0.6047,0.6299,1.146,1.112,1.554,0.3713,1.435,1.721,1.042,0.8293,1.127,1.045,0.349,1.548,0.7286,1.649,1.177,0.2898,0.8514,0.77,0.6792,0.3597,0.8597,0.9862,0.9435,1.146,0.967,0.8205,1.042,0.6638,1.177,0.8346,1.587,1.329,1.237,0.9614,1.495,0.3204,0.8025,0.3089,0.9205,0.6998,0.7953,0.9173,0.9725,1.1,1.344,0.8718,1.671,1.054,0.5074,1.896,0.8991,1.068,0.5345,1.631,0.8249,0.7223,1.725,1.449,1.313,0.9613,0.8498,1.047,1.182,1.535,1.873,2.215,0.6648,1.481,1.136,1.092,1.005,0.4975,1.05,1.145,0.9827,1.347,0.5902,2.828,0.9803,1.28,0.6379,1.015,1.593,0.8257,0.7254,0.5317,0.6211,0.6342,0.8903,0.4673,1.225,0.7069,1.714,0.7598,0.8525,1.608,1.531,1.363,0.6212,0.698,0.8312,1.645,0.5459,0.9049,0.6821,0.9876,0.6976,1.456,1.028,1.386,0.7235,0.3163,0.9955,0.7558,0.4342,1.61,0.8751,1.539,1.207,1.157,1.138,0.2008,0.6691,0.6631,1.912,0.2999,1.221,0.5969,0.2889,1.472,0.5259,0.9843,0.9777,0.534,1.035
CACNB2,12.52,15.01,7.269,8.198,3.23,15.03,11.99,5.133,8.724,10.07,9.809,7.305,4.083,8.293,7.108,6.574,14.91,9.337,9.008,13.38,6.694,7.444,9.169,10.29,12.69,13.17,6.216,5.621,9.219,8.179,9.311,10.63,3.424,10.85,14.8,10.51,14.68,9.044,13.68,6.225,9.645,8.742,16.35,5.594,11.92,6.542,7.269,10.25,14.43,11.86,7.593,22.17,10.4,9.718,19.43,8.042,15.04,10.73,10.5,10.63,10.75,6.737,12.57,3.651,15.21,10.88,20.86,6.398,15.55,22.55,6.853,14.67,10.75,29.95,8.86,6.571,6.976,7.05,8.161,12.45,16.24,12.86,8.666,8.689,11.57,6.308,10.58,10.4,28.35,4.028,10.89,9.205,5.264,10.58,11.44,12.79,6.839,2.503,10.4,14.33,7.631,10.44,10.27,10.11,23.92,18.26,7.815,7.198,15.44,4.859,1.837,13.76,8.293,7.843,10.18,5.827,12.07,8.324,12.23,6.382,6.581,5.308,10.15,10.56,17.71,9.424,13.22,8.283,11.63,10.52,9.553,7.34,13.45,7.092,4.649,0.79,7.084,2.646,22.95,12.27,13.34,5.414,12.71,10.54,14.12,9.488,10.96,7.206,18.02,8.381,2.66,6.72,5.229,12.71,6.569,10.68,7.839,8.472,8.201,13.0,8.821,2.947,11.91,12.44,23.56,18.8,13.63,7.96,22.48,22.58,4.798,6.685,17.9,26.12,16.67,11.11,7.159,8.391,8.732,17.76,14.82,6.202,19.77,12.64,22.4,7.623,10.68,10.84,12.61,8.498,9.45,3.522,22.33,13.14,10.09,13.02,7.444,9.513,17.7,5.471,6.036,12.92,6.428,3.338,3.162,10.61,6.938,13.26,8.964,12.68,9.588,3.402,9.629,6.648,7.519,12.11,11.62,8.747,5.737,7.847,8.886,0.6248,3.895,7.957,20.72,4.834,10.62,11.22,0.5276,15.19,6.961,14.36,14.3,0.8753,15.92
CALM1,148.6,182.0,106.3,139.8,158.6,203.1,205.0,154.1,120.4,190.4,191.6,140.3,70.79,187.9,199.5,137.4,140.9,160.6,117.3,147.2,187.0,93.06,145.8,142.6,148.3,161.3,148.9,123.2,125.7,140.1,138.4,126.6,71.7,146.4,170.8,159.2,176.8,125.6,159.2,203.9,133.7,123.9,124.1,66.72,128.8,61.79,153.7,118.5,133.6,189.7,114.8,135.2,189.2,227.1,179.7,101.8,147.2,84.93,169.5,144.3,155.5,149.3,118.9,139.0,154.2,297.7,213.4,153.3,192.2,184.7,171.6,108.2,132.6,123.2,120.5,115.8,103.8,150.0,91.52,129.5,136.7,147.5,130.3,112.4,162.7,127.8,137.9,137.8,163.6,185.4,215.9,105.1,164.1,105.1,185.1,144.9,111.3,168.6,168.8,215.6,107.7,135.3,118.9,147.1,182.2,130.3,161.1,187.0,138.7,107.2,109.0,153.7,117.2,145.1,158.4,138.4,131.7,156.7,118.8,113.8,127.0,120.3,181.0,138.7,167.2,175.8,121.8,147.1,144.2,93.74,111.1,142.9,139.8,113.6,124.8,24.63,83.86,82.84,248.4,103.7,157.2,132.5,123.2,120.4,138.3,140.7,146.9,114.0,86.76,135.2,278.1,102.3,82.49,126.8,102.0,186.9,102.8,149.5,169.6,178.0,147.8,113.5,159.1,130.0,120.6,152.2,153.4,117.8,221.0,164.2,83.46,93.96,127.3,220.3,147.3,190.9,169.9,133.0,125.0,188.8,174.5,109.8,142.9,188.2,140.7,118.8,218.2,182.8,197.5,157.5,133.9,86.09,206.4,152.6,121.2,137.7,156.1,155.7,142.4,95.66,82.0,125.8,87.48,143.0,116.3,132.1,103.4,137.2,76.08,138.5,102.0,98.25,145.9,170.9,185.0,117.4,166.1,105.5,125.7,156.1,142.6,17.56,119.9,121.7,156.5,138.9,119.4,150.1,38.14,168.5,117.0,171.4,117.8,22.99,189.6
CASQ2,605.7,858.1,640.7,495.9,370.5,1057.0,598.4,579.5,503.7,795.6,845.1,493.7,355.6,1305.0,1068.0,291.6,1060.0,832.7,441.8,740.7,1035.0,570.1,577.7,577.3,925.9,935.4,911.1,761.3,528.2,714.0,642.0,442.5,339.2,707.7,996.5,534.3,1119.0,827.9,459.8,1280.0,819.8,705.9,707.2,156.4,646.9,258.4,815.4,481.3,462.0,810.9,711.6,696.8,535.9,358.2,828.8,510.5,866.1,193.2,1061.0,941.8,576.3,673.2,416.0,683.3,1475.0,908.1,1205.0,706.8,844.9,1138.0,701.3,597.4,707.7,504.8,730.0,346.6,495.6,648.1,287.7,579.6,624.0,774.7,870.9,306.5,636.8,509.4,678.3,686.8,614.0,726.7,557.5,673.2,1185.0,503.9,1293.0,688.7,623.7,82.25,973.7,566.1,478.6,591.1,506.3,1059.0,711.9,695.5,866.6,1294.0,726.6,277.3,57.64,749.0,445.5,848.2,1099.0,179.8,1046.0,589.6,500.2,706.7,829.5,847.5,928.9,698.4,712.4,1035.0,540.8,682.2,1275.0,435.6,638.2,1172.0,896.8,495.5,330.3,13.51,252.0,196.6,962.6,397.9,652.2,745.8,445.7,765.7,812.6,750.4,889.9,570.6,723.1,724.4,189.7,627.0,391.9,931.0,290.1,1155.0,747.1,738.0,559.3,490.3,597.3,619.3,745.9,624.1,549.0,813.2,684.7,317.0,652.1,767.3,475.1,452.3,317.1,1027.0,1150.0,1179.0,1020.0,568.2,696.1,1289.0,501.7,560.1,904.0,1146.0,704.7,615.2,895.4,782.1,808.4,619.9,883.0,455.6,887.3,625.7,396.6,507.2,717.0,792.1,607.8,655.0,572.2,490.3,273.3,203.6,506.0,714.1,686.1,932.6,297.1,701.5,425.4,345.2,603.6,856.2,908.4,632.9,906.8,401.3,796.8,724.2,797.2,23.48,574.6,821.7,1035.0,368.4,516.3,597.0,14.13,767.6,690.3,700.0,601.0,20.37,901.7
KCNA4,0.6386,0.4453,2.088,0.309,0.9773,2.687,1.592,0.0902,0.2101,2.211,0.6542,1.273,0.2516,2.018,1.113,0.3994,1.582,2.997,0.8185,0.9219,1.433,2.563,1.712,1.159,2.329,1.858,1.963,1.172,0.7149,1.141,1.182,1.069,0.169,0.9713,1.31,0.6653,2.858,1.008,2.397,2.277,2.325,2.039,1.167,0.2939,0.7442,0.3611,1.563,0.7216,1.069,0.9065,1.915,1.484,1.543,2.385,0.8649,0.7997,1.75,0.3684,2.064,2.595,0.824,1.169,0.3135,2.636,3.64,1.598,0.5717,2.689,1.267,2.603,1.485,0.475,3.014,2.753,2.899,0.5757,0.3112,1.103,0.5569,0.6755,1.779,1.365,0.8575,0.3591,0.6426,1.063,1.758,2.285,0.8046,2.959,1.136,1.694,1.298,1.137,3.206,1.264,0.7632,1.854,2.256,2.521,0.9405,1.211,2.774,1.867,1.508,2.141,2.444,2.01,0.7777,0.5328,0.4753,1.53,1.226,2.933,2.569,0.967,1.71,3.939,0.358,2.196,2.777,1.744,1.085,0.8082,1.352,1.272,1.439,1.624,2.516,1.066,1.561,2.596,1.984,0.4046,0.8908,0.1059,0.3991,0.6643,1.508,0.6308,1.351,1.121,0.9422,1.177,3.391,1.823,3.502,0.7582,0.605,1.928,0.4957,1.649,2.017,2.183,0.6933,1.36,3.305,2.087,1.025,1.817,1.401,0.1149,2.253,1.336,1.226,1.785,1.037,0.3051,0.7242,2.24,0.1313,0.4389,0.4122,1.966,2.705,2.459,2.077,1.39,1.89,2.267,1.312,0.2642,2.202,1.621,0.4087,0.4207,1.79,0.9998,1.038,1.17,1.623,0.0891,1.792,1.267,0.3998,0.466,1.138,1.319,1.09,0.7954,0.4402,0.8347,0.2924,4.36,0.7387,1.965,2.235,5.35,0.8234,0.793,0.9596,2.104,1.121,2.092,3.579,1.673,1.095,0.8882,1.487,1.159,1.892,0.0856,1.872,3.191,2.027,1.619,1.174,0.8817,0.0464,1.872,1.475,1.202,1.676,0.0368,1.179
KCNJ12,4.222,5.355,3.339,7.214,9.197,5.835,6.189,8.636,5.418,5.051,4.097,4.681,6.452,4.306,5.402,3.366,6.068,8.544,9.237,9.664,3.211,3.221,5.347,5.026,5.612,4.626,5.417,3.473,4.271,4.565,2.812,4.88,4.261,4.615,3.13,18.81,9.754,4.645,2.773,4.635,9.122,5.292,10.29,2.166,5.633,2.046,5.708,3.423,7.105,5.389,4.481,6.127,5.998,6.035,6.436,8.686,4.794,2.986,15.57,3.811,4.028,8.874,4.688,34.41,7.134,10.09,6.953,6.282,6.472,6.039,4.543,6.731,5.689,6.161,6.035,3.485,3.474,5.973,3.141,3.549,4.122,4.845,3.906,3.161,7.995,8.41,5.684,2.013,6.009,5.711,5.68,3.933,7.953,4.606,6.274,5.916,4.205,16.64,3.971,3.294,5.154,4.133,6.043,2.626,9.917,6.519,3.88,4.227,6.035,4.157,8.253,3.875,5.533,4.125,4.205,6.742,3.501,6.422,9.316,8.034,6.529,3.558,6.867,4.824,5.196,3.142,6.44,3.659,4.913,4.399,5.028,3.808,7.133,6.998,3.633,0.724,2.129,12.1,4.942,4.743,3.527,8.658,2.87,4.413,8.348,4.566,8.273,6.556,2.22,5.905,10.66,9.219,17.88,7.56,4.283,3.789,5.18,14.64,11.12,7.617,3.639,2.518,7.756,9.123,8.606,9.575,2.279,6.271,8.858,10.55,2.959,2.622,2.854,6.765,9.423,4.783,9.623,3.768,3.501,6.256,6.448,3.298,6.865,5.761,3.417,3.787,6.079,2.964,2.37,3.29,9.682,2.886,9.565,4.525,3.726,6.362,3.857,6.027,4.789,3.4,2.705,5.172,4.599,28.69,9.669,3.86,5.904,6.286,2.352,5.969,3.323,10.91,2.859,2.989,3.104,8.954,3.08,3.83,3.34,4.608,7.684,0.6938,5.801,5.14,4.259,3.515,5.97,9.896,0.2918,4.313,3.374,5.018,3.637,0.4303,5.129
PLN,828.4,845.0,1325.0,953.8,472.0,1110.0,1019.0,1055.0,1469.0,1099.0,975.5,827.2,726.3,1137.0,1023.0,960.5,1721.0,854.6,487.1,1326.0,1119.0,1034.0,1108.0,1254.0,793.1,1133.0,1212.0,1829.0,1229.0,1092.0,810.6,1446.0,283.1,1119.0,827.6,1189.0,1876.0,1273.0,497.8,1349.0,833.4,1456.0,1851.0,260.9,1028.0,230.5,1229.0,1148.0,730.4,1193.0,1184.0,1676.0,1100.0,452.4,1644.0,922.1,915.5,382.3,1859.0,2122.0,950.1,1084.0,1082.0,527.3,2631.0,1911.0,2799.0,874.2,1764.0,1874.0,1210.0,1218.0,2213.0,1406.0,1339.0,373.7,547.8,1043.0,937.4,828.0,1030.0,1517.0,959.8,747.5,875.9,790.6,1430.0,909.1,1790.0,1214.0,901.2,1412.0,1246.0,794.2,1574.0,943.6,1035.0,246.0,1110.0,1471.0,1436.0,863.2,1412.0,1680.0,731.2,1698.0,1428.0,2019.0,982.4,403.2,145.8,1404.0,1149.0,1674.0,1061.0,534.9,1205.0,1086.0,682.0,1074.0,1302.0,1258.0,1229.0,1106.0,884.3,1833.0,1040.0,729.4,1397.0,1296.0,1123.0,1538.0,1138.0,653.6,959.0,23.35,446.8,304.4,1736.0,458.2,812.0,1381.0,852.0,2047.0,990.3,1361.0,1153.0,795.1,717.6,907.9,469.6,791.3,552.5,1927.0,670.5,1214.0,1208.0,1259.0,947.8,1154.0,1560.0,1203.0,1661.0,1479.0,1367.0,2100.0,1460.0,1053.0,888.9,1063.0,527.0,862.6,471.3,1137.0,1493.0,2456.0,1778.0,1188.0,1376.0,2970.0,1027.0,1163.0,1387.0,1891.0,1353.0,1022.0,1664.0,1228.0,1759.0,1054.0,1492.0,861.7,1971.0,1339.0,928.4,1598.0,1069.0,1186.0,1646.0,796.7,1109.0,1382.0,513.7,187.9,792.8,1016.0,1122.0,3210.0,440.9,1124.0,788.1,262.7,1079.0,1276.0,1151.0,1470.0,1514.0,1170.0,1308.0,1546.0,1503.0,54.56,1189.0,1326.0,1376.0,489.9,914.6,1008.0,15.63,1157.0,1498.0,1355.0,1370.0,25.76,1332.0
SCN1B,5.931,6.776,14.21,11.76,3.1,10.38,15.97,10.45,10.52,15.04,7.384,7.042,19.71,12.96,19.25,6.109,11.76,8.565,14.67,20.14,14.73,11.83,12.71,8.051,23.11,10.05,13.09,14.58,10.87,9.333,9.618,12.2,8.781,6.222,14.88,12.28,11.93,8.949,7.692,15.16,26.26,9.812,16.92,7.12,7.716,16.56,11.86,10.72,13.0,12.11,8.796,10.93,8.896,7.133,8.235,8.093,14.62,4.939,7.705,8.907,11.35,13.2,7.877,9.714,17.61,31.47,19.12,23.34,15.47,26.62,11.52,12.83,8.169,15.91,8.802,7.823,8.695,11.08,4.566,7.935,19.55,18.29,7.945,6.186,8.909,19.84,16.7,10.17,12.24,27.82,4.623,7.688,14.79,15.26,8.746,10.59,6.99,6.459,12.28,6.779,7.265,17.47,19.61,8.466,10.04,13.23,16.87,14.26,9.538,6.569,3.905,5.395,17.5,18.32,13.41,19.69,11.02,22.61,29.66,7.241,8.334,13.18,14.44,8.388,11.64,10.01,21.08,6.613,25.26,12.17,10.31,20.46,10.02,9.939,10.31,0.898,5.818,14.44,13.64,8.123,5.502,7.255,4.533,10.48,12.02,7.868,14.52,8.023,2.801,11.02,14.59,8.711,9.716,10.19,9.196,6.436,9.617,9.733,18.22,16.28,8.88,5.891,11.66,10.84,10.59,9.302,5.172,8.018,8.085,8.84,8.39,5.359,6.877,9.434,9.771,4.816,12.39,8.736,4.627,13.23,11.13,17.73,12.68,10.62,9.066,6.954,10.45,11.67,6.044,6.237,10.95,7.381,20.73,13.57,12.37,11.94,6.857,13.41,7.156,9.214,11.14,9.913,7.371,6.974,8.694,13.06,15.63,10.47,7.656,10.23,6.622,3.79,5.815,10.48,7.278,13.97,8.992,9.124,14.95,6.651,16.34,3.41,21.35,8.488,7.292,2.792,7.882,11.89,0.7642,16.62,21.27,11.58,9.013,1.201,14.76
CACNA1G,0.1411,0.1165,0.0576,0.0469,0.0194,0.1551,0.0592,0.0503,0.3884,0.0305,0.0426,0.1167,0.0561,0.2377,0.0382,0.3868,0.0896,0.0414,0.0856,0.074,0.0234,0.1016,0.0528,0.0699,0.0174,0.0451,0.0382,0.0335,0.0532,0.0721,0.0762,0.4297,0.0108,0.0112,0.2007,0.0585,0.1999,0.1896,0.017,0.2786,0.1966,0.0773,0.4385,0.0828,0.2732,0.0308,0.0119,0.0319,0.0186,0.0213,0.0719,0.1561,0.0281,0.0233,0.1354,0.0771,0.0477,0.1578,0.1812,0.1985,0.1371,0.0258,0.2737,0.1153,0.3708,0.2466,0.086,0.0262,0.0297,0.0566,0.0678,0.1264,0.0172,0.0771,0.094,0.0997,0.2738,0.0511,0.218,0.0379,0.5753,0.1263,0.0655,0.2115,0.1243,0.0672,0.0201,0.0424,0.4439,0.2182,0.04,0.1874,0.1931,0.0815,0.126,0.0743,0.1648,0.2623,0.1156,0.1644,0.0808,0.1711,0.0658,0.0175,0.1941,0.3761,0.0377,0.1193,0.037,0.071,0.0,0.1192,0.0707,0.2114,0.0193,0.0207,0.0382,0.0288,0.1342,0.0527,0.0486,0.1406,0.0421,0.062,0.0127,0.059,0.0191,0.0564,0.046,0.051,0.1153,0.3261,0.0283,0.1888,0.2306,0.0273,0.1116,0.1007,0.0169,0.0547,0.0858,0.032,0.0331,0.206,0.0565,0.088,0.169,0.0715,0.0924,0.0419,0.2212,0.1617,0.0332,0.0389,0.0131,0.1335,0.2189,0.1131,0.0514,0.0203,0.0945,0.2845,0.0636,0.106,0.2825,0.1021,0.1583,0.2537,0.3448,0.1187,0.0146,0.136,0.2446,0.0449,0.0487,0.162,0.0484,0.2089,0.1349,0.0799,0.0318,0.0842,0.0924,0.0869,0.1729,0.1781,0.0377,0.0484,0.0837,0.038,0.0213,0.1292,0.2195,0.0334,0.0731,0.3204,0.2621,0.0344,0.1478,0.0638,0.1205,0.3139,0.0384,0.2384,0.006,0.06,0.0342,0.0131,0.0875,0.0815,0.1045,0.0229,0.0503,0.0398,0.0293,0.0949,0.0162,0.1559,0.0637,0.0676,0.2052,0.0236,0.0134,0.0408,0.0459,0.0176,0.0855,0.0311,0.0276,0.0677,0.0474,0.0366,0.1611,0.062,0.1264
CACNA1H,5.562,6.023,4.068,5.826,5.684,5.897,6.775,5.039,3.714,5.912,4.847,2.643,7.618,9.438,4.24,9.413,9.334,7.251,2.959,4.707,5.417,2.448,5.08,7.251,6.35,5.245,6.086,5.054,6.712,6.183,7.093,7.022,2.257,5.481,7.175,3.328,3.787,7.245,5.647,10.17,7.632,4.648,3.732,3.511,5.749,8.255,5.263,7.677,4.103,4.399,3.731,3.218,3.477,7.852,6.373,3.067,6.222,4.784,3.103,2.843,7.88,2.213,6.428,9.17,2.919,10.6,4.886,11.93,7.319,2.474,7.502,4.288,7.801,11.04,5.297,5.342,11.19,4.058,7.376,4.171,6.462,4.677,4.67,2.345,5.056,7.127,5.545,3.824,6.499,16.28,6.612,2.443,5.083,3.796,5.857,6.76,8.524,12.97,7.294,6.568,6.174,7.566,10.26,5.034,8.181,5.668,7.269,7.811,4.213,6.868,5.317,5.004,4.305,7.8,3.608,6.217,5.789,7.152,9.066,6.236,4.53,7.03,6.285,8.086,4.087,3.756,9.421,7.581,9.361,4.019,7.399,5.029,5.646,7.774,9.159,2.764,8.018,10.1,4.112,7.203,5.596,2.928,2.791,4.304,6.306,3.326,8.195,5.439,1.656,5.582,12.31,4.314,6.385,3.167,6.159,7.762,4.184,5.491,5.593,9.283,3.935,2.977,4.031,3.78,5.142,3.187,3.052,3.58,9.004,5.631,4.956,4.704,4.229,3.871,7.575,3.299,7.949,6.006,5.404,4.895,5.695,7.698,6.14,6.013,3.687,5.839,3.888,4.181,3.584,6.652,3.043,4.331,5.662,6.275,11.85,5.357,10.19,7.172,4.711,6.095,7.441,3.07,9.055,16.49,3.67,5.034,3.227,2.191,5.801,5.038,2.903,4.881,5.425,4.265,8.985,5.006,3.989,2.352,5.083,4.562,2.801,2.538,4.262,4.636,5.546,6.534,2.578,6.233,2.635,4.219,6.245,4.247,7.341,2.909,7.874
GATA4,43.73,51.35,46.38,56.88,36.6,67.91,50.52,78.06,62.46,54.03,61.92,64.54,76.25,55.73,43.42,54.59,59.92,60.29,58.06,87.04,59.77,49.01,51.07,41.39,54.37,44.08,59.74,66.64,48.51,62.15,45.2,67.5,66.23,47.29,56.9,140.6,75.39,52.95,58.45,58.59,71.51,58.48,85.82,31.83,65.83,39.55,44.46,46.76,47.09,44.92,46.69,38.29,45.62,63.67,68.62,41.29,58.27,38.38,56.31,69.14,50.17,67.99,38.64,51.73,75.34,74.35,83.78,52.47,64.94,62.46,64.08,55.15,58.65,80.34,56.06,45.44,44.21,56.0,41.68,44.42,47.07,59.07,45.56,45.83,45.68,54.01,50.97,45.66,120.4,72.77,60.37,52.65,64.9,58.94,60.88,46.79,42.08,22.98,57.84,59.77,46.87,47.57,61.75,48.97,66.71,68.38,53.94,58.09,49.81,42.86,23.16,61.15,56.12,59.0,48.22,34.89,56.86,49.36,108.8,46.6,38.19,47.91,78.44,55.16,54.34,40.99,52.43,46.48,83.15,48.65,59.57,49.13,54.28,54.11,47.85,3.505,38.47,29.84,46.27,36.41,43.73,29.26,31.13,50.69,61.41,55.39,62.81,59.89,27.16,40.84,61.07,51.23,31.24,59.35,38.51,54.35,59.82,48.73,55.55,64.82,40.58,74.9,55.33,60.39,62.8,59.13,37.39,50.26,75.29,84.25,66.95,42.59,21.65,49.34,84.35,43.63,61.89,75.19,41.82,71.12,56.25,66.45,64.37,62.32,32.64,39.27,49.93,35.46,41.47,44.46,61.43,76.34,67.52,66.08,44.86,49.85,53.62,48.68,60.25,38.29,42.39,60.46,31.31,33.42,62.59,52.07,41.53,70.66,34.25,40.38,38.29,27.74,45.08,45.2,51.01,67.5,61.94,49.16,52.0,54.32,60.98,5.037,42.98,52.21,59.41,50.42,46.52,82.0,3.042,60.56,56.09,51.27,55.3,5.672,56.01
GJA1,60.74,79.76,148.4,78.91,87.65,90.24,103.6,57.81,122.8,126.6,81.05,102.7,20.19,57.75,88.92,67.81,140.8,86.54,49.02,115.5,129.2,119.2,126.4,145.7,49.84,213.8,94.99,112.9,131.8,92.9,107.3,135.3,41.82,133.6,79.4,68.24,304.3,108.1,100.7,103.1,89.03,133.4,87.8,47.45,148.5,43.23,87.19,104.0,53.26,119.6,83.0,71.41,130.5,81.18,193.8,68.48,146.6,61.02,81.34,169.5,79.7,78.71,86.29,77.51,252.8,140.4,163.2,61.91,137.9,271.7,76.55,105.6,151.0,140.2,163.7,46.27,62.18,94.58,104.3,48.83,56.53,157.7,135.1,75.77,68.43,36.34,150.7,104.8,135.4,82.54,100.9,106.7,146.2,126.9,163.9,97.91,136.2,57.26,89.63,129.3,144.3,47.06,166.3,144.2,64.49,118.6,164.2,146.4,50.28,49.12,63.36,172.8,73.75,128.1,49.24,58.37,156.4,120.2,36.46,64.1,77.28,128.9,97.92,105.1,50.04,139.5,69.14,84.59,74.17,194.4,123.7,108.5,134.0,36.34,62.32,7.265,76.66,26.39,97.09,31.0,92.32,94.03,70.5,209.9,67.01,139.4,149.0,75.32,86.03,116.9,92.27,121.6,33.39,189.3,42.43,142.8,176.0,128.6,74.28,81.29,125.0,52.03,163.6,90.51,123.5,314.7,132.8,97.21,106.1,95.01,48.2,64.12,37.71,96.12,161.7,263.1,96.53,108.4,157.0,207.0,94.7,67.95,132.6,125.2,152.7,83.4,81.34,112.0,177.8,86.55,105.6,46.95,196.8,146.7,83.55,147.2,111.9,91.71,140.9,106.0,68.37,98.55,54.05,55.72,97.7,41.7,138.4,296.0,90.59,97.32,78.44,65.69,120.0,86.75,160.7,179.0,132.0,72.82,123.3,161.7,181.1,12.39,69.33,144.8,94.94,50.42,76.28,113.3,15.63,95.46,82.4,111.4,201.3,12.06,151.8
GJA5,5.034,6.382,16.2,4.1,4.421,3.839,29.28,3.274,1.044,10.11,3.432,4.729,2.76,10.41,22.01,5.94,5.981,7.254,3.578,3.192,10.38,25.22,7.331,3.883,8.425,6.214,4.752,4.288,4.381,6.615,11.75,0.7643,4.729,3.935,41.04,2.353,2.704,4.374,11.96,15.96,58.67,4.398,1.589,5.683,4.075,16.8,1.933,4.868,7.063,4.399,3.824,4.745,3.034,11.34,7.399,3.149,9.858,4.296,2.237,9.56,8.491,3.506,1.22,10.81,69.03,18.88,4.62,22.61,5.116,4.343,6.839,3.284,4.711,13.37,29.13,8.662,7.876,4.095,2.765,2.605,49.33,13.03,6.407,3.422,4.186,12.97,21.98,4.684,2.856,12.64,10.43,1.825,4.004,6.522,2.603,42.38,2.985,11.33,20.42,5.425,8.354,6.875,17.35,4.281,10.0,27.88,19.13,15.29,3.413,6.318,37.5,4.445,5.907,44.79,4.342,8.508,3.556,29.68,2.072,11.6,13.69,25.14,4.634,5.37,18.66,7.859,15.36,6.523,27.4,4.068,10.29,36.6,12.51,5.336,5.64,4.481,4.572,1.583,5.168,6.208,2.664,3.096,2.606,4.783,15.15,3.545,21.32,4.691,5.545,12.86,15.21,5.723,6.784,4.458,5.119,8.962,27.42,4.53,12.05,5.023,12.89,7.988,5.349,4.466,3.382,5.897,3.541,1.341,16.34,3.678,6.211,4.862,5.086,5.939,28.03,4.979,6.181,1.067,5.023,4.79,8.982,8.78,5.397,12.54,3.123,3.398,7.087,8.175,9.794,4.879,2.588,3.623,7.067,4.608,6.891,1.758,5.634,4.328,6.3,2.52,4.442,7.006,3.327,13.82,4.101,3.49,30.3,2.71,6.575,9.105,3.376,5.734,4.235,4.774,6.49,8.829,4.509,0.4922,8.064,2.654,2.822,2.462,3.024,6.495,20.69,3.368,2.709,7.737,4.91,4.131,10.98,4.378,4.459,1.725,13.06
GJC1,3.482,5.184,2.698,3.134,11.59,8.393,5.78,3.787,3.144,5.492,5.07,3.546,4.27,8.841,3.87,4.001,8.82,12.16,2.159,2.596,5.761,2.707,4.102,3.218,5.282,5.297,5.643,4.283,3.28,3.741,6.155,4.011,1.807,3.224,5.277,5.435,5.039,5.331,8.763,9.07,6.719,3.75,3.766,3.307,3.421,3.022,4.359,3.684,4.168,5.539,4.343,3.269,3.755,12.78,4.112,4.032,6.744,3.976,9.401,5.123,4.797,2.869,4.374,13.2,4.42,15.49,6.662,4.866,5.247,6.908,4.41,3.383,8.075,9.518,5.826,4.993,6.44,4.599,5.033,2.789,4.565,3.245,3.855,3.317,7.263,4.615,3.733,2.94,3.167,5.77,9.099,4.538,5.42,4.425,7.267,5.399,3.308,12.09,5.917,9.533,4.225,6.772,7.043,8.61,6.809,5.85,5.112,9.361,4.251,5.027,8.699,3.919,2.844,4.979,4.966,4.85,4.26,7.057,4.048,5.801,7.667,3.904,5.838,5.649,4.128,4.085,7.101,5.63,6.257,2.875,5.656,5.764,4.108,2.802,7.298,1.39,4.46,3.03,6.709,3.097,5.089,3.558,3.036,4.292,8.052,3.901,6.176,4.706,2.289,3.991,11.02,6.455,7.146,5.243,6.062,8.804,6.516,4.518,9.932,8.476,4.737,3.564,6.067,5.998,5.869,5.618,4.386,2.304,10.04,7.059,3.175,3.364,2.173,5.596,5.772,7.152,7.109,6.736,4.699,8.828,5.874,3.099,4.815,5.374,6.484,3.804,7.784,7.641,6.339,7.637,2.818,3.903,5.881,9.455,4.622,3.992,6.144,6.25,3.959,2.637,3.515,2.711,3.47,17.72,3.198,2.957,3.039,4.096,3.923,5.434,3.205,8.37,5.185,6.48,12.94,4.506,5.214,3.261,4.308,4.826,4.657,1.113,5.304,6.84,6.927,9.244,2.895,4.504,2.175,5.809,5.454,3.731,4.806,1.746,5.478
HCN4,3.244,3.934,4.68,3.782,3.151,8.424,7.988,2.773,3.379,5.645,1.155,1.126,1.465,3.751,2.455,1.907,6.793,5.622,4.309,5.955,1.816,5.746,4.333,1.86,2.813,3.837,5.171,2.272,3.791,2.767,3.491,2.975,0.5186,3.528,6.625,8.653,3.035,1.956,7.24,5.042,12.9,2.929,4.277,1.338,4.754,2.585,1.276,3.659,7.434,3.043,1.423,1.562,3.324,14.38,11.31,3.776,4.071,2.42,12.49,15.28,3.326,3.802,2.413,6.96,11.53,16.15,7.632,3.511,6.339,4.567,1.831,6.575,4.807,7.931,6.776,2.598,3.117,5.293,3.317,1.763,3.92,2.209,0.9788,4.985,6.098,4.776,7.027,5.197,4.603,5.128,11.55,3.757,5.049,2.112,1.585,5.613,2.527,8.376,5.46,9.149,1.457,3.379,5.51,5.087,9.319,3.953,2.62,7.406,3.21,1.075,3.135,6.429,1.762,7.907,2.218,2.776,3.283,3.062,3.038,7.811,5.002,2.735,3.426,5.394,8.613,3.426,6.52,2.793,5.331,3.778,4.3,4.7,3.164,5.128,3.057,0.0323,3.76,1.491,1.713,3.259,3.519,1.455,4.27,5.571,11.91,2.899,15.42,4.909,3.87,7.368,5.22,3.546,6.191,3.793,1.071,5.951,5.505,4.814,5.606,6.626,2.009,1.647,5.636,7.507,7.497,10.85,4.583,4.913,13.56,7.247,0.6224,4.193,2.446,2.719,13.7,5.891,7.348,5.645,4.009,7.237,5.657,1.709,7.276,3.307,6.001,4.771,4.393,3.02,4.827,5.553,6.524,0.656,4.484,6.672,3.192,6.803,4.084,3.416,2.939,1.421,5.286,5.652,3.07,2.542,2.49,1.45,5.966,5.363,2.862,4.979,2.737,5.902,5.1,3.123,14.54,10.1,3.371,3.722,1.933,3.117,6.792,0.227,3.846,4.229,8.782,6.185,6.482,4.602,0.0561,3.6,2.117,1.252,5.705,0.268,3.795
MYL2,15580.0,21240.0,15200.0,9693.0,10300.0,33120.0,21750.0,7908.0,26890.0,14810.0,42480.0,44240.0,27450.0,27910.0,17730.0,21600.0,26960.0,28620.0,7512.0,37250.0,34820.0,25620.0,11220.0,22440.0,35250.0,17080.0,23470.0,21070.0,13400.0,25840.0,26940.0,44560.0,20330.0,19230.0,24400.0,17780.0,28450.0,18670.0,17210.0,26920.0,27440.0,33820.0,26550.0,14290.0,28980.0,6506.0,17100.0,16280.0,3997.0,23860.0,16380.0,16510.0,28970.0,12960.0,16430.0,11530.0,10960.0,16920.0,20960.0,28550.0,20050.0,19540.0,16700.0,30450.0,25600.0,13620.0,13630.0,10630.0,26780.0,14570.0,25960.0,23840.0,19810.0,17120.0,12680.0,16780.0,19320.0,30850.0,13680.0,31930.0,23210.0,33680.0,21710.0,20200.0,23070.0,13490.0,10460.0,14230.0,32150.0,22820.0,11530.0,31360.0,45870.0,14030.0,28220.0,13910.0,21970.0,6520.0,30560.0,19510.0,12140.0,33640.0,17050.0,17140.0,14570.0,32470.0,24270.0,31080.0,10950.0,29400.0,11180.0,15250.0,18410.0,22350.0,35100.0,4741.0,26510.0,16830.0,11140.0,19170.0,22350.0,27740.0,30150.0,13870.0,26230.0,22670.0,31990.0,29150.0,23820.0,11750.0,35170.0,18110.0,19370.0,14390.0,29720.0,1026.0,15390.0,6991.0,9437.0,11460.0,27760.0,14150.0,6921.0,20810.0,25440.0,37090.0,23330.0,22780.0,10380.0,19550.0,2617.0,31650.0,24920.0,18770.0,12400.0,27860.0,25560.0,31510.0,15330.0,7130.0,23050.0,18350.0,22310.0,11590.0,17750.0,11470.0,7546.0,27640.0,7551.0,19110.0,18300.0,11250.0,7369.0,13030.0,14950.0,13010.0,27970.0,34200.0,16110.0,32790.0,8988.0,15330.0,17380.0,24780.0,6328.0,14020.0,15520.0,8365.0,10450.0,17200.0,16520.0,20820.0,20460.0,13030.0,17190.0,24490.0,31150.0,18500.0,17980.0,17860.0,16400.0,28640.0,11990.0,7511.0,19120.0,15130.0,14650.0,34570.0,12220.0,14590.0,24330.0,26910.0,15190.0,38110.0,23930.0,18270.0,29180.0,35280.0,13530.0,17990.0,29180.0,2383.0,16650.0,21970.0,34090.0,13440.0,17370.0,8466.0,692.1,21020.0,14360.0,13930.0,6640.0,1129.0,12010.0
MYL7,686.1,521.0,139.2,365.8,562.8,547.0,155.0,569.7,1039.0,530.8,245.2,859.1,217.5,876.7,314.3,1344.0,583.3,302.4,304.1,631.6,426.0,125.6,607.8,424.1,431.6,1249.0,719.6,334.3,791.2,901.0,1050.0,948.5,826.7,1752.0,621.5,728.2,181.1,1815.0,52.55,275.5,442.7,403.6,291.4,84.12,1197.0,119.9,691.1,774.8,88.87,921.6,99.43,524.8,493.2,345.1,109.0,1249.0,1008.0,685.5,1192.0,473.9,615.8,971.0,1457.0,529.0,442.9,1403.0,1458.0,354.0,375.1,480.2,869.0,1275.0,367.6,75.26,283.3,651.0,1092.0,444.0,828.9,447.6,164.5,330.5,469.6,247.6,643.2,509.1,82.49,177.2,748.7,1081.0,1079.0,670.4,1553.0,238.6,777.3,125.0,164.5,34.87,525.2,122.2,1319.0,676.6,29.52,907.3,825.2,190.6,343.8,409.2,324.2,1736.0,232.6,217.6,187.2,509.7,355.6,76.24,1028.0,159.4,623.8,228.6,213.5,101.3,471.9,284.8,528.5,194.3,1139.0,2908.0,342.0,96.4,318.6,352.6,178.1,608.0,1295.0,34.09,333.0,557.9,313.0,837.6,865.0,387.0,106.3,1351.0,851.2,289.9,308.4,1411.0,449.1,205.5,58.27,1471.0,170.7,560.0,675.3,1283.0,609.6,333.3,717.2,250.6,322.6,782.8,609.4,803.0,234.1,706.1,1088.0,775.1,1077.0,1538.0,430.0,1208.0,1475.0,548.1,312.3,758.4,298.7,1625.0,101.7,767.0,918.9,496.8,630.1,196.6,1707.0,1419.0,345.8,585.5,615.7,677.0,375.4,1948.0,928.8,301.1,1734.0,1160.0,791.1,734.2,233.3,211.9,1573.0,1347.0,531.5,498.9,511.8,267.1,489.9,523.5,541.9,332.3,607.2,109.2,364.7,769.5,448.4,438.7,1946.0,2390.0,339.2,1093.0,1049.0,137.6,702.9,225.6,998.1,368.7,451.5,57.6,43.48,265.8,141.8,1527.0,415.3,116.3,178.7
NKX2-5,139.2,180.9,104.8,164.8,159.6,166.6,136.6,96.07,196.0,108.4,141.6,133.4,125.0,152.1,75.26,142.5,135.5,148.1,150.6,286.7,103.3,107.5,164.8,100.2,104.6,121.6,102.5,147.1,136.4,133.5,122.2,184.7,51.64,100.2,155.6,177.4,125.7,99.73,228.1,152.7,275.3,128.6,327.4,83.86,160.7,100.6,75.59,113.1,139.6,88.21,93.24,95.21,119.8,328.3,174.4,128.0,126.0,101.8,199.0,191.8,150.1,120.2,144.6,204.7,127.9,202.5,238.5,115.0,137.5,168.2,120.7,138.7,127.2,290.1,134.3,80.46,88.11,176.8,118.5,149.1,190.6,189.0,108.1,176.6,121.4,152.3,102.5,99.07,192.4,139.2,269.4,113.4,123.7,124.9,117.6,112.5,93.73,80.8,180.4,288.0,142.8,132.0,144.3,210.3,274.7,202.6,107.7,208.9,177.1,91.2,149.9,139.8,173.6,144.2,128.0,92.99,144.9,96.89,240.0,81.65,91.17,109.0,242.7,153.3,188.2,110.7,167.7,116.3,192.1,174.1,178.0,133.2,142.7,141.9,89.27,3.46,96.33,96.07,84.88,111.8,81.35,46.4,60.49,137.0,176.9,112.5,140.4,139.9,59.06,84.0,61.5,153.6,82.51,105.6,101.6,148.5,113.9,99.02,119.1,72.84,95.43,52.55,102.1,96.53,145.5,171.5,58.76,252.9,234.2,220.1,51.56,65.97,73.98,82.04,218.4,79.68,190.3,207.9,89.21,124.5,161.7,57.69,180.7,108.3,47.89,90.9,73.94,67.09,66.16,186.3,134.2,82.07,233.7,147.0,138.5,260.8,107.7,105.5,142.5,94.86,110.1,210.3,110.2,183.2,65.23,109.2,127.2,135.7,116.3,128.6,152.3,148.6,124.6,123.3,271.4,187.1,156.2,160.8,76.62,110.0,137.1,27.79,69.72,109.0,162.3,247.4,150.7,116.2,4.208,151.2,95.64,127.4,94.47,10.92,128.0
