Description,Name,GTEX-111FC-0826-SM-5GZWO,GTEX-111YS-0426-SM-5987O,GTEX-1122O-0826-SM-5GICV,GTEX-117YW-0326-SM-5N9CY,GTEX-117YX-1126-SM-5H128,GTEX-11DXX-0326-SM-5PNWC,GTEX-11DXY-0826-SM-5EGGR,GTEX-11DXZ-0626-SM-5GU77,GTEX-11EM3-0626-SM-5H12Z,GTEX-11EMC-0726-SM-5EGJO,GTEX-11GS4-0526-SM-5A5KQ,GTEX-11GSP-1326-SM-5A5KY,GTEX-11I78-0826-SM-5A5K4,GTEX-11LCK-0926-SM-5A5KA,GTEX-11O72-1126-SM-5N9E2,GTEX-11ONC-0126-SM-5PNW6,GTEX-11TT1-1326-SM-5PNYM,GTEX-11TUW-1026-SM-5GU7D,GTEX-11ZUS-0226-SM-5FQT8,GTEX-11ZVC-0426-SM-5CVLD,GTEX-1211K-0626-SM-5FQUZ,GTEX-1212Z-0626-SM-5FQTB,GTEX-12584-0926-SM-5FQTN,GTEX-12696-1126-SM-5FQTI,GTEX-1269C-0826-SM-5N9EM,GTEX-12BJ1-0226-SM-5LUA2,GTEX-12WSC-1126-SM-5EQ4G,GTEX-12WSD-1126-SM-5EGJD,GTEX-12WSG-0526-SM-5FQTH,GTEX-12WSK-0626-SM-5LZUJ,GTEX-12WSN-5001-SM-7DHMK,GTEX-12ZZW-1026-SM-5GCMM,GTEX-12ZZY-1126-SM-5DUWQ,GTEX-12ZZZ-1726-SM-59HK5,GTEX-13112-0426-SM-5PNVC,GTEX-1313W-1426-SM-5KLZU,GTEX-1314G-0126-SM-5LZUL,GTEX-131XE-0626-SM-5HL98,GTEX-131XF-5001-SM-7DHLY,GTEX-131XG-0626-SM-5GCMP,GTEX-131XH-0226-SM-5LZVB,GTEX-132AR-2026-SM-5IJG4,GTEX-132NY-1726-SM-5EGKK,GTEX-132QS-0426-SM-5KLZ6,GTEX-1339X-0426-SM-5KLZY,GTEX-1399R-1926-SM-5K7X8,GTEX-1399S-1026-SM-5KLZ9,GTEX-1399T-0426-SM-5PNVJ,GTEX-1399U-0526-SM-5K7YM,GTEX-139YR-0826-SM-5LZXY,GTEX-13CF2-0426-SM-5KM1H,GTEX-13CF3-0726-SM-5J2MY,GTEX-13D11-1726-SM-5IFGQ,GTEX-13FH7-0926-SM-5J2MR,GTEX-13FHP-1026-SM-5K7Y2,GTEX-13FLV-0926-SM-5L3DZ,GTEX-13FTW-1026-SM-5L3E3,GTEX-13FTZ-0226-SM-5K7X6,GTEX-13JVG-1326-SM-5N9F8,GTEX-13N11-0426-SM-5KM3O,GTEX-13N1W-1026-SM-5IJC5,GTEX-13NYB-0226-SM-5N9G4,GTEX-13NZB-0226-SM-5KM1T,GTEX-13O1R-1226-SM-5J1NU,GTEX-13O21-2326-SM-5MR3X,GTEX-13O3O-1526-SM-5KM1C,GTEX-13O3P-1626-SM-5K7X3,GTEX-13O61-0526-SM-5J2M1,GTEX-13OVG-0526-SM-5K7YD,GTEX-13OVL-0526-SM-5KLZQ,GTEX-13OW5-1126-SM-5J1NR,GTEX-13OW6-1126-SM-5L3HL,GTEX-13OW8-2126-SM-5J1OS,GTEX-13PVQ-1226-SM-5IJDC,GTEX-13PVR-1026-SM-5QGQW,GTEX-13QBU-0426-SM-5J2O4,GTEX-13RTJ-0726-SM-5QGQN,GTEX-13S86-0226-SM-5S2PJ,GTEX-13SLX-1026-SM-5ZZUQ,GTEX-13U4I-0826-SM-5SIBD,GTEX-13VXT-1126-SM-5LU3A,GTEX-13W3W-0426-SM-5SI9D,GTEX-13X6H-0426-SM-5LU4E,GTEX-13X6I-1426-SM-5SI9Z,GTEX-13X6K-1826-SM-5O9CR,GTEX-13YAN-1326-SM-5Q5F1,GTEX-145LV-0326-SM-5Q5BW,GTEX-145MN-0626-SM-5QGRH,GTEX-145MO-1126-SM-5NQBX,GTEX-146FH-1026-SM-5RQIF,GTEX-146FR-0626-SM-5RQJ1,GTEX-147F4-1226-SM-5NQAY,GTEX-147JS-1526-SM-5ZZWF,GTEX-148VI-0326-SM-5RQK7,GTEX-148VJ-1526-SM-5Q5DU,GTEX-1497J-1226-SM-5Q5BL,GTEX-14A5I-1226-SM-5NQBW,GTEX-14A6H-0226-SM-5Q5DX,GTEX-14BIL-1126-SM-79OMC,GTEX-14BIN-2226-SM-5YYA1,GTEX-14C38-1426-SM-5RQHZ,GTEX-14C39-0926-SM-5TDDV,GTEX-14C5O-1326-SM-5S2UW,GTEX-14DAQ-1126-SM-664MT,GTEX-14E1K-1026-SM-73KUR,GTEX-14E6C-0426-SM-5YYA8,GTEX-14E6D-0926-SM-5S2QV,GTEX-14E7W-1226-SM-5RQIU,GTEX-14H4A-0626-SM-5ZZUT,GTEX-14JG1-1026-SM-6ETZY,GTEX-14JIY-1126-SM-6EU28,GTEX-14PHX-2126-SM-6EU2U,GTEX-14PHY-0226-SM-5ZZWM,GTEX-14PJ2-1026-SM-6EU1M,GTEX-14PJ4-1126-SM-5YY91,GTEX-14PJ6-0726-SM-69LOL,GTEX-14PJM-1126-SM-6LLHK,GTEX-14PK6-0826-SM-5ZZVO,GTEX-14PN3-0526-SM-69LQF,GTEX-14XAO-1126-SM-6EU11,GTEX-15CHC-0426-SM-6LLHI,GTEX-15CHQ-1526-SM-69LPW,GTEX-15CHR-0226-SM-7PC2Z,GTEX-15DDE-1126-SM-6LLHN,GTEX-15DYW-1126-SM-6LPK5,GTEX-15EOM-5007-SM-793DG,GTEX-15ER7-1726-SM-6PAMX,GTEX-15RIE-1726-SM-7KUMU,GTEX-15RJ7-0226-SM-7KUMN,GTEX-15RJE-0626-SM-7KUKR,GTEX-15SHU-1126-SM-7KUMB,GTEX-15SHW-1226-SM-6M46C,GTEX-16BQI-0926-SM-6M485,GTEX-16MT8-0926-SM-6M487,GTEX-16NPX-0926-SM-7KUEZ,GTEX-16XZY-0426-SM-793BI,GTEX-16YQH-0926-SM-793BC,GTEX-17F9E-0926-SM-7IGMG,GTEX-17F9Y-1326-SM-7MGW9,GTEX-17GQL-0526-SM-72D5N,GTEX-17HGU-1026-SM-79OKL,GTEX-17HHY-1426-SM-7EWDQ,GTEX-17HII-1326-SM-7IGOB,GTEX-17JCI-1126-SM-7IGMM,GTEX-17KNJ-0826-SM-793A4,GTEX-17MF6-0726-SM-7LT8E,GTEX-18465-0926-SM-731AY,GTEX-18A66-1226-SM-7LT8G,GTEX-18A67-1226-SM-7KFRS,GTEX-18A6Q-1626-SM-7KFTA,GTEX-18D9B-1226-SM-72D6V,GTEX-18D9U-1126-SM-72D5Y,GTEX-1A3MW-1326-SM-7189P,GTEX-1A3MX-1326-SM-72D58,GTEX-1A8G6-1626-SM-7MGWO,GTEX-1AX8Z-5007-SM-AHZ36,GTEX-1AX9I-1126-SM-7EPHH,GTEX-1AX9J-1026-SM-72D6E,GTEX-1AX9K-0526-SM-73KV1,GTEX-1AYCT-0426-SM-73KVZ,GTEX-1B8KE-0126-SM-793AM,GTEX-1B8L1-0526-SM-79ONX,GTEX-1B8SG-0826-SM-7EWF7,GTEX-1B932-1026-SM-793CL,GTEX-1B97J-0726-SM-7RHG3,GTEX-1B996-1126-SM-73KWN,GTEX-1BAJH-1626-SM-73KUV,GTEX-1C2JI-0526-SM-7EWEQ,GTEX-1C64O-0826-SM-79OKZ,GTEX-1C6VQ-1126-SM-7EWET,GTEX-1CAMS-1326-SM-79OJR,GTEX-1CB4E-0526-SM-7MXTK,GTEX-1CB4G-0826-SM-7DUGF,GTEX-1CB4I-1626-SM-7RHGV,GTEX-1CB4J-0326-SM-7PBZO,GTEX-1E1VI-1326-SM-7IGQD,GTEX-1EH9U-0826-SM-7IGPT,GTEX-1EKGG-1126-SM-7MGXB,GTEX-1EMGI-1226-SM-793DD,GTEX-1EN7A-0726-SM-7PBXT,GTEX-1EU9M-1826-SM-7DUGU,GTEX-1EWIQ-1426-SM-7IGOS,GTEX-1EX96-2526-SM-7RHGW,GTEX-1F48J-1026-SM-7P8SO,GTEX-1F5PK-0326-SM-9KNUD,GTEX-1F6I4-0726-SM-7PC2P,GTEX-1F6IF-2526-SM-7P8TV,GTEX-1F75I-1126-SM-9WYUO,GTEX-1GF9U-0426-SM-7RHHA,GTEX-1GF9V-1626-SM-7PBXL,GTEX-1GL5R-0326-SM-9WYTJ,GTEX-1GMR2-1426-SM-7RHHK,GTEX-1GMR3-0326-SM-7P8QT,GTEX-1GMRU-1526-SM-9WYT5,GTEX-1GN1V-0826-SM-9KNU6,GTEX-1GN1W-0326-SM-9JGHF,GTEX-1GN2E-1326-SM-9KNVG,GTEX-1GN73-2426-SM-7RHFQ,GTEX-1GTWX-1026-SM-7P8QW,GTEX-1GZ4I-1026-SM-9KNV5,GTEX-1H11D-1226-SM-9WPQ2,GTEX-1H1CY-0326-SM-9QEIZ,GTEX-1H1ZS-1126-SM-9MQLJ,GTEX-1H23P-1226-SM-9QEJ2,GTEX-1H3NZ-1126-SM-9WYT9,GTEX-1HBPH-0126-SM-CNNQ7,GTEX-1HBPM-1226-SM-A9SM8,GTEX-1HC8U-0726-SM-ACKXL,GTEX-1HCU6-1026-SM-A9G25,GTEX-1HCU7-1326-SM-CNPPW,GTEX-1HCUA-0526-SM-A9SMH,GTEX-1HCVE-1126-SM-9WPPG,GTEX-1HFI7-0826-SM-A9G23,GTEX-1HSGN-1126-SM-CJI4G,GTEX-1HSMO-1226-SM-CL548,GTEX-1HSMQ-0226-SM-C1YQL,GTEX-1HT8W-1726-SM-CNNQB,GTEX-1I1GP-0826-SM-A96SD,GTEX-1I1GQ-1426-SM-B2LWY,GTEX-1I1GV-1326-SM-A96SE,GTEX-1I1HK-0726-SM-B2LY4,GTEX-1I6K7-0626-SM-ARL7Q,GTEX-1ICG6-0626-SM-ACKWS,GTEX-1ICLY-1326-SM-CJI47,GTEX-1ICLZ-1026-SM-A9SLF,GTEX-1IDJE-0326-SM-CM2TD,GTEX-1IDJF-0726-SM-CJI1U,GTEX-1IDJH-1026-SM-E9TKH,GTEX-1IDJI-1026-SM-A96TE,GTEX-1IDJU-0726-SM-CNPQ9,GTEX-1IKJJ-0826-SM-A96SP,GTEX-1IKK5-1526-SM-CKZPW,GTEX-1IKOE-1026-SM-ARZMF,GTEX-1IL2U-1326-SM-A9G2O,GTEX-1J8EW-0926-SM-A9G33,GTEX-1J8Q2-1226-SM-A9G2W,GTEX-1J8Q3-1226-SM-CKZPT,GTEX-1J8QM-0426-SM-AHZ3X,GTEX-1JJ6O-2126-SM-CNNP6,GTEX-1JJE9-1426-SM-ARL8P,GTEX-1JJEA-0826-SM-CL53T,GTEX-1JK1U-0526-SM-CYPSQ,GTEX-1JMLX-1626-SM-ARZMV,GTEX-1JMOU-0226-SM-CNNPD,GTEX-1JMPZ-1426-SM-CJI3C,GTEX-1JMQK-0626-SM-D4P2R,GTEX-1JN1M-1026-SM-CNPOS,GTEX-1JN6P-1126-SM-CKZON,GTEX-1K9T9-1126-SM-D3L9E,GTEX-1KANC-0426-SM-CXZK5,GTEX-1KD4Q-0726-SM-DIPGE,GTEX-1KD5A-1026-SM-CY8I8,GTEX-1KXAM-1326-SM-E9TJW,GTEX-1L5NE-0426-SM-E9TIX,GTEX-1LB8K-1026-SM-DHXJJ,GTEX-1LC47-1026-SM-D3LAH,GTEX-1LG7Y-1226-SM-CXZKD,GTEX-1LGOU-0726-SM-E9TIY,GTEX-1LGRB-1126-SM-CNPP2,GTEX-1LH75-0426-SM-E9TJF,GTEX-1LSNM-0526-SM-DIPG6,GTEX-1LVA9-0926-SM-EVR5G,GTEX-1LVAN-1726-SM-CNNR1,GTEX-1M5QR-1026-SM-DHXK9,GTEX-1MCC2-0326-SM-EV7AK,GTEX-1MJIX-0326-SM-EVR42,GTEX-1MUQO-1226-SM-E9TJK,GTEX-1N2EF-2826-SM-E6CQF,GTEX-1NV8Z-1526-SM-DTX8X,GTEX-1O97I-0826-SM-E8VNE,GTEX-1O9I2-1126-SM-DTXEA,GTEX-1OFPY-1026-SM-EXUSO,GTEX-1OKEX-0726-SM-DPRYE,GTEX-1POEN-0626-SM-EVR4B,GTEX-1PPGY-1126-SM-E76OU,GTEX-1PPH7-2026-SM-E9J3N,GTEX-1PWST-1026-SM-DTXF2,GTEX-1QCLZ-0926-SM-E6CQZ,GTEX-1QP29-1526-SM-EXUSY,GTEX-1QP2A-1126-SM-EVR3H,GTEX-1QPFJ-1026-SM-E6CR6,GTEX-1R7EV-0326-SM-E76PA,GTEX-1R9JW-0526-SM-EWRNK,GTEX-1R9K4-1326-SM-DTX8G,GTEX-1R9K5-1326-SM-E6CPR,GTEX-1R9PO-0326-SM-DTXA1,GTEX-1RAZS-0826-SM-E76QP,GTEX-1RB15-0326-SM-E6CQB,GTEX-1RMOY-0626-SM-E9TIE,GTEX-1RQEC-0926-SM-EWROG,GTEX-1S3DN-0726-SM-E9TIO,GTEX-N7MS-0826-SM-2HML4,GTEX-N7MT-1326-SM-2I3FV,GTEX-NFK9-0926-SM-2HMJU,GTEX-NPJ8-0426-SM-2HMK6,GTEX-O5YT-0326-SM-32PKA,GTEX-O5YV-0326-SM-2I5H2,GTEX-O5YW-0326-SM-2I5EI,GTEX-OHPK-0326-SM-2HMJO,GTEX-OHPL-0326-SM-33HC8,GTEX-OHPM-0326-SM-33HCA,GTEX-OIZF-0326-SM-3MJGY,GTEX-OIZG-1126-SM-2HMIU,GTEX-OIZH-0326-SM-2HMKC,GTEX-OIZI-0926-SM-E6CHF,GTEX-OOBJ-0326-SM-33HBO,GTEX-OXRK-0826-SM-2HMK7,GTEX-OXRL-0326-SM-2I3F2,GTEX-OXRO-2026-SM-2YUMZ,GTEX-P44G-0826-SM-2I5ES,GTEX-P44H-0726-SM-48TBT,GTEX-P4PP-0326-SM-33HC4,GTEX-P4PQ-0326-SM-2HMJ8,GTEX-P4QS-0326-SM-2I3EU,GTEX-P78B-0426-SM-2I5F5,GTEX-PLZ5-0626-SM-2I5F8,GTEX-POMQ-0326-SM-2I5FO,GTEX-PSDG-0926-SM-2I5FP,GTEX-PVOW-0426-SM-5MR5R,GTEX-PWCY-0526-SM-5P9HG,GTEX-PX3G-0326-SM-2I3EO,GTEX-Q2AH-0526-SM-2I3ED,GTEX-QDVJ-0426-SM-2I5FW,GTEX-QDVN-0326-SM-2I3FS,GTEX-QEG4-0426-SM-33HC3,GTEX-QEG5-0926-SM-2TC64,GTEX-QEL4-0926-SM-3GAD1,GTEX-QESD-0526-SM-2I5G5,GTEX-QLQ7-0526-SM-2I5G3,GTEX-QMRM-0526-SM-2I5GA,GTEX-QV44-0526-SM-2S1RE,GTEX-QVJO-1926-SM-2S1QZ,GTEX-R45C-0926-SM-3GAD4,GTEX-R53T-0926-SM-3GADH,GTEX-R55C-0326-SM-3GAF1,GTEX-R55E-1026-SM-2TC5S,GTEX-R55G-0526-SM-2TC5O,GTEX-REY6-1026-SM-2TF4Y,GTEX-RN64-0826-SM-2TC62,GTEX-RNOR-0826-SM-2TF5C,GTEX-RTLS-0826-SM-2TF5Q,GTEX-RU72-0326-SM-2TF5T,GTEX-RUSQ-0526-SM-2TF72,GTEX-RWS6-0326-SM-2XCAP,GTEX-RWSA-0626-SM-2XCBD,GTEX-S32W-0626-SM-2XCBG,GTEX-S33H-0526-SM-COH1W,GTEX-SE5C-0626-SM-2XCDV,GTEX-SIU8-0826-SM-2XCDQ,GTEX-SNMC-0126-SM-2XCFO,GTEX-SUCS-0326-SM-32PLL,GTEX-T2IS-0426-SM-32QPE,GTEX-T6MN-0926-SM-32PLX,GTEX-U3ZH-0326-SM-3DB7A,GTEX-U3ZN-1426-SM-3DB87,GTEX-U4B1-0326-SM-3DB8K,GTEX-U8XE-1126-SM-3DB8W,GTEX-UJHI-0426-SM-3DB8Y,GTEX-UJMC-0526-SM-3GAE3,GTEX-UPK5-0326-SM-CYPR4,GTEX-V1D1-0526-SM-4JBGW,GTEX-V955-0726-SM-3GAFG,GTEX-WEY5-0426-SM-3GIKT,GTEX-WFG7-0726-SM-3GIKO,GTEX-WFG8-0626-SM-3GILJ,GTEX-WFON-0326-SM-3GIKX,GTEX-WH7G-0426-SM-3NMBJ,GTEX-WHPG-0826-SM-3NMBF,GTEX-WHSE-0926-SM-3NMBS,GTEX-WHWD-0426-SM-3LK83,GTEX-WI4N-0626-SM-3TW8Z,GTEX-WK11-0826-SM-EZ6LH,GTEX-WL46-0926-SM-3LK7T,GTEX-WQUQ-1426-SM-3MJFD,GTEX-WRHU-1226-SM-4E3IJ,GTEX-WWYW-1326-SM-3NB2S,GTEX-WY7C-0526-SM-3NB3D,GTEX-WYJK-1026-SM-3NM8W,GTEX-WZTO-1326-SM-3NM8X,GTEX-X15G-0426-SM-4PQZ6,GTEX-X261-1426-SM-4PQZ1,GTEX-X3Y1-0426-SM-3P5Z4,GTEX-X8HC-1626-SM-46MWE,GTEX-XBEC-1326-SM-4AT69,GTEX-XBED-0526-SM-47JY3,GTEX-XGQ4-0326-SM-4GIEE,GTEX-XPT6-0126-SM-4B65S,GTEX-XPVG-0826-SM-4B654,GTEX-XQ3S-0626-SM-4BOOB,GTEX-XQ8I-0126-SM-4BOPL,GTEX-XV7Q-0826-SM-4BRV7,GTEX-XXEK-0926-SM-4BRWH,GTEX-Y114-0226-SM-4TT8W,GTEX-Y3I4-0626-SM-4TT7A,GTEX-Y3IK-0826-SM-51MT8,GTEX-Y5V5-0626-SM-4VBPX,GTEX-Y5V6-0826-SM-4VBRU,GTEX-Y8E4-0326-SM-4VBRR,GTEX-YB5K-0126-SM-5IFJ2,GTEX-YEC3-0726-SM-CMKFH,GTEX-YEC4-0326-SM-4W216,GTEX-YF7O-0426-SM-5P9FS,GTEX-YFC4-0526-SM-5ZZVI,GTEX-YJ8O-0926-SM-EAZ2Z,GTEX-ZAB4-1026-SM-5HL7T,GTEX-ZAB5-0226-SM-5CVMH,GTEX-ZAJG-0826-SM-5PNVA,GTEX-ZDTS-1326-SM-6LLHE,GTEX-ZDTT-0726-SM-4WKFK,GTEX-ZDXO-0726-SM-57WBT,GTEX-ZDYS-0226-SM-5HL4K,GTEX-ZEX8-0426-SM-DO92Y,GTEX-ZF29-0226-SM-4WKHO,GTEX-ZF2S-1026-SM-9QEGK,GTEX-ZF3C-1226-SM-4WWCB,GTEX-ZG7Y-0926-SM-5EQ6O,GTEX-ZGAY-0326-SM-57WF5,GTEX-ZLFU-0226-SM-4WWFH,GTEX-ZPCL-0426-SM-DNZZ4,GTEX-ZPIC-0826-SM-4WWFJ,GTEX-ZPU1-0626-SM-4YCDM,GTEX-ZQUD-1526-SM-7IGO2,GTEX-ZTPG-1226-SM-4YCDO,GTEX-ZUA1-0826-SM-4YCDL,GTEX-ZV7C-0326-SM-57WB1,GTEX-ZVT2-1026-SM-5GU55,GTEX-ZVZP-0226-SM-5NQ73,GTEX-ZYFC-1126-SM-5E44W,GTEX-ZYFG-0426-SM-5E43M,GTEX-ZYT6-1726-SM-5E44P,GTEX-ZYW4-0926-SM-59HJS,GTEX-ZZPU-0926-SM-5GZYT
ATP1A1,ENSG00000163399.15,42.03,85.73,101.6,19.38,71.39,114.7,10.91,61.61,288.0,43.65,32.51,20.78,240.7,114.8,81.02,22.15,303.7,96.11,43.31,23.01,201.2,47.59,33.48,86.48,21.1,83.71,62.81,48.48,209.3,172.0,171.7,35.34,15.04,25.08,33.39,25.01,61.63,88.5,70.59,423.8,41.2,206.3,82.63,137.6,236.3,54.27,168.2,7.613,86.84,72.26,15.73,365.1,110.9,263.6,8.025,70.05,81.52,19.47,30.63,52.36,74.11,6.762,49.45,106.2,71.49,37.03,62.34,116.1,79.3,45.14,35.69,24.15,25.22,72.91,82.83,139.8,36.01,349.6,65.7,111.3,99.7,281.4,60.61,77.51,35.71,20.56,41.2,233.2,48.94,144.9,80.13,17.33,20.01,22.36,31.82,38.78,7.262,88.44,19.96,5.18,195.5,18.86,39.63,32.57,77.64,96.18,11.36,9.38,176.8,34.48,5.986,47.22,101.6,31.96,130.3,80.15,86.02,127.5,77.23,554.7,77.5,5.757,67.31,52.14,12.79,409.6,45.15,246.6,109.2,34.86,21.64,6.614,76.02,9.801,29.71,86.72,72.77,44.57,38.24,366.4,71.92,23.59,140.9,21.03,123.5,39.16,13.77,254.5,171.1,28.0,171.2,86.99,125.9,117.2,8.889,112.9,22.85,96.75,56.42,65.42,124.4,19.88,40.8,77.67,80.98,119.1,27.32,39.59,61.15,36.37,90.4,107.5,32.62,66.51,131.1,35.56,20.77,13.31,94.78,16.39,100.8,8.82,9.83,39.29,50.3,33.48,25.95,102.9,142.9,54.25,99.46,58.96,132.8,140.0,19.06,331.3,15.68,60.52,38.45,56.99,121.2,19.01,23.45,94.06,15.79,82.07,32.68,58.97,53.03,17.99,112.8,20.1,105.3,59.01,287.5,151.5,8.621,27.37,41.12,14.54,44.07,221.7,30.95,40.28,22.38,62.03,127.7,9.611,108.4,137.8,12.31,124.0,176.9,17.88,79.67,29.12,162.1,144.8,46.81,116.1,18.0,116.6,71.66,32.13,58.09,62.68,42.0,6.436,193.9,100.1,8.251,82.72,107.5,191.5,13.0,271.4,17.59,89.89,187.9,249.0,195.3,7.25,103.6,57.72,88.55,20.2,109.5,101.6,8.444,8.473,119.5,93.96,101.0,50.5,37.28,374.9,110.6,83.81,91.5,126.0,120.5,45.81,49.76,64.63,76.6,128.2,12.45,87.37,86.12,43.62,101.5,43.91,20.31,32.64,186.6,199.8,160.1,57.95,68.81,129.8,64.89,54.56,32.87,149.8,145.3,40.73,111.5,73.68,33.57,46.87,63.01,53.89,101.7,483.2,79.46,229.3,58.83,60.49,23.43,140.1,75.1,152.6,251.0,449.3,55.37,434.5,61.74,123.8,82.78,79.45,79.32,19.4,37.37,86.29,67.34,41.43,225.3,58.8,13.39,41.43,63.75,163.9,208.9,67.37,101.6,164.4,22.25,190.7,58.98,83.51,267.0,12.67,59.41,55.14,87.08,231.8,218.2,106.6,113.6,56.0,32.55,61.56,60.84,256.4,92.92,50.37,136.4,112.8,219.6,113.6,140.9,7.948,26.26,79.37,15.63,85.86,195.8,62.01,48.35,109.4,19.9,62.25,74.97,10.33,189.0,113.7,69.72,36.22,56.71,49.74,350.3,136.2,117.8,113.7,57.49,39.09,88.95,40.37,374.1,76.61,122.8,319.9,42.76,12.21,53.44,80.13,70.05,41.24,93.31,36.35,137.2,96.64,81.07,90.19,13.41,170.1,101.9,77.82,112.2,231.0,70.68,32.71,246.4,9.687,100.1,79.45,100.9,24.91,84.34,9.151,51.56,103.4
ATP2A2,ENSG00000174437.16,305.4,726.0,937.9,34.84,517.8,743.6,24.54,597.1,353.4,206.2,107.1,23.86,673.2,538.9,97.72,35.32,1100.0,235.6,612.2,152.0,880.0,78.32,99.07,808.0,27.43,690.7,543.3,210.5,601.2,607.2,653.3,15.58,79.05,189.9,160.3,165.7,213.7,320.3,751.1,474.5,101.7,731.1,759.3,783.3,956.8,387.0,960.4,5.805,583.6,559.0,80.59,637.2,1117.0,1076.0,7.48,278.8,603.1,137.8,13.53,580.7,87.06,4.252,392.6,148.7,700.3,206.6,122.7,860.9,524.4,406.9,23.27,86.34,44.47,170.9,726.1,659.3,124.7,1395.0,411.6,703.1,499.8,552.1,897.6,162.6,66.41,41.47,360.5,556.9,98.15,763.7,420.4,36.56,21.94,123.6,25.23,181.2,5.78,571.2,9.196,5.068,231.8,16.23,27.82,95.92,658.1,295.4,15.63,11.26,887.3,367.2,6.213,477.3,963.8,38.05,786.9,676.0,162.6,1078.0,436.2,764.1,877.9,2.701,849.1,147.0,33.81,1127.0,169.9,1257.0,850.4,83.66,34.74,16.27,468.1,26.56,168.6,625.5,434.5,325.6,59.88,300.5,686.8,60.1,114.5,27.54,831.4,103.1,62.91,1001.0,1741.0,85.56,717.3,497.4,174.3,198.4,11.46,1018.0,143.0,859.3,368.8,813.5,872.8,71.63,95.76,601.3,489.0,319.9,161.0,538.1,195.9,12.2,703.7,582.4,195.5,505.5,670.4,185.2,37.12,9.113,492.4,26.11,497.6,11.1,6.071,132.0,374.8,260.1,63.99,718.7,673.8,167.5,703.9,574.1,725.3,375.6,53.18,722.4,12.29,448.9,42.19,460.9,463.7,14.38,123.6,156.7,10.18,430.9,161.1,380.6,63.69,61.52,1291.0,9.158,822.4,569.8,168.5,341.5,27.28,17.65,217.3,35.67,248.2,700.0,191.5,79.13,45.84,485.6,442.7,6.55,514.4,669.4,7.554,544.3,1343.0,39.93,451.6,62.93,781.0,515.4,83.2,49.06,169.1,1010.0,150.4,11.95,170.8,274.7,56.79,4.438,91.25,1080.0,8.406,504.3,626.5,899.0,34.87,375.7,23.84,501.9,716.5,890.3,381.4,16.15,455.5,188.6,561.1,118.9,823.3,214.1,8.507,19.38,273.9,1003.0,468.6,283.7,96.38,72.29,129.0,677.8,449.0,424.5,649.2,441.9,480.2,204.7,254.6,399.1,5.096,727.6,750.4,396.7,742.5,144.2,14.54,377.9,237.4,1734.0,338.9,746.8,493.2,700.3,589.0,805.2,143.9,741.5,498.9,482.3,696.2,608.2,41.55,41.72,268.8,645.7,665.0,458.9,361.7,214.1,791.3,397.7,91.71,547.8,482.6,1063.0,886.2,1200.0,448.9,696.4,337.4,910.3,866.6,789.3,892.1,31.2,154.6,970.2,990.3,351.3,1586.0,268.0,33.86,349.5,117.7,1196.0,682.5,608.3,407.1,1587.0,125.8,1011.0,56.95,787.0,662.7,44.55,321.4,439.1,514.6,1059.0,614.9,921.1,985.7,430.8,275.4,1325.0,707.7,858.5,1173.0,888.8,551.4,743.6,647.2,1429.0,220.1,14.23,159.0,435.9,41.54,109.1,505.5,487.8,565.1,697.4,7.741,687.7,109.5,28.4,956.0,772.3,369.5,436.8,473.1,256.5,234.0,769.0,1170.0,380.3,422.2,225.5,738.3,278.8,227.0,792.2,348.9,399.4,361.1,37.26,253.4,742.1,132.9,267.2,679.5,299.8,844.4,982.3,696.0,600.2,10.54,682.3,496.6,459.8,556.4,277.3,706.9,398.8,1009.0,8.232,757.5,757.2,981.6,242.7,700.2,13.29,91.18,1154.0
CACNA1C,ENSG00000151067.21,8.772,10.25,15.07,5.082,14.74,11.91,2.134,15.92,13.5,5.844,3.991,2.975,17.21,11.73,7.094,2.452,12.33,11.34,13.34,6.568,13.97,5.415,5.234,14.62,2.197,14.95,9.677,14.13,15.83,15.72,15.95,1.422,3.483,5.173,10.78,9.555,10.94,9.624,18.64,16.36,4.839,15.33,14.92,26.79,30.93,6.656,18.16,0.7926,12.44,10.61,5.812,23.71,17.88,21.56,1.086,10.4,13.27,4.521,1.339,13.68,2.939,0.7397,10.38,4.739,10.83,8.444,5.384,12.03,12.75,13.59,1.406,6.469,3.429,7.677,12.22,11.98,4.622,21.0,8.644,19.84,12.38,17.75,16.64,7.122,7.546,1.244,7.742,13.64,5.45,15.77,12.3,2.297,2.705,11.05,1.374,5.072,0.4708,13.57,0.7141,0.5397,16.4,1.148,1.498,7.328,13.22,8.253,0.973,1.138,17.32,8.913,0.6141,9.696,21.55,2.453,13.59,15.11,16.98,19.57,11.85,15.21,15.65,0.3438,11.45,4.559,3.234,21.12,7.982,11.66,20.54,10.1,2.019,1.111,10.24,2.067,10.79,23.42,10.97,8.851,1.883,16.84,14.57,4.703,7.152,2.225,17.87,10.08,2.598,19.64,16.38,5.522,14.68,15.91,9.635,21.61,1.42,21.51,5.288,18.65,9.955,15.87,14.24,6.421,8.012,27.53,12.63,9.413,8.178,10.57,14.32,1.637,17.38,13.93,9.955,12.15,11.85,5.472,2.145,1.403,15.16,2.194,11.17,1.348,0.9643,5.855,12.58,7.088,5.153,10.98,12.54,5.48,12.11,8.144,15.52,18.51,3.537,17.61,1.587,10.59,4.819,18.06,13.77,2.773,8.125,11.86,1.501,15.28,7.342,13.88,3.372,2.914,22.76,1.047,10.82,10.94,11.46,12.45,3.158,0.7186,9.751,3.359,11.32,16.84,7.126,4.257,3.675,11.78,15.1,0.4721,14.08,15.07,1.253,9.497,15.73,8.416,19.59,3.704,15.57,15.17,4.677,7.282,8.301,12.1,8.585,1.548,8.036,19.09,5.195,0.407,7.656,13.64,0.7561,8.084,12.71,14.31,3.123,14.04,2.032,13.56,13.21,20.9,9.463,1.279,7.913,9.978,11.36,10.14,13.23,9.734,1.192,1.296,9.704,19.61,11.64,9.907,7.39,6.356,7.965,10.47,10.84,13.72,13.5,10.47,10.73,6.829,13.45,9.54,0.7007,15.5,14.24,11.31,8.949,8.69,0.9232,9.955,10.17,23.18,10.73,8.417,13.87,14.35,7.64,12.03,7.72,12.38,17.23,12.28,13.67,12.76,1.62,1.669,15.92,8.297,13.74,8.722,9.517,11.22,21.97,9.768,7.348,20.21,14.79,23.99,15.5,47.06,8.688,16.88,8.715,14.09,17.45,14.89,14.5,2.294,5.617,15.16,10.57,7.711,19.49,11.03,2.219,11.73,7.844,13.75,27.19,10.58,7.536,20.51,5.007,13.77,8.96,10.66,21.77,2.245,13.87,10.85,17.04,14.55,17.89,16.27,13.45,11.8,11.33,13.78,10.64,13.18,12.95,10.64,12.17,13.21,7.67,16.16,16.43,1.289,8.927,10.62,2.231,5.051,10.44,11.45,11.7,11.94,0.8217,16.42,12.04,1.728,16.96,11.31,11.28,10.69,8.509,6.751,9.817,10.32,10.47,7.3,11.61,7.268,13.24,7.799,12.95,11.47,8.629,22.77,14.19,2.773,7.971,11.45,10.42,8.248,12.41,8.82,12.61,13.8,12.42,14.57,1.207,21.75,10.88,14.66,12.58,26.6,10.63,6.711,33.07,1.241,14.3,10.18,15.32,6.182,15.18,1.438,7.694,16.4
KCND3,ENSG00000171385.9,5.552,8.082,5.595,0.9491,11.26,8.286,0.5104,7.536,4.345,2.523,1.5,0.7021,10.2,11.48,2.428,1.122,4.716,3.413,5.9,3.075,10.68,1.545,3.104,4.693,0.741,9.951,5.519,4.669,6.362,9.891,10.31,0.8367,1.61,2.114,3.197,4.041,2.613,4.223,11.09,11.88,0.8495,5.892,6.896,11.26,9.402,4.525,10.72,0.1162,8.284,5.518,1.391,11.06,6.653,9.72,0.2366,3.505,8.99,2.933,0.3705,4.714,1.271,0.0538,6.071,2.579,8.465,3.007,2.019,12.32,8.966,7.56,1.031,1.047,0.8157,2.248,9.769,10.98,2.81,9.793,3.514,9.02,6.002,5.631,9.371,5.918,2.437,1.176,3.273,8.1,1.938,7.422,6.501,0.9069,0.5146,3.275,0.6783,1.499,0.0781,5.001,0.1664,0.0911,3.356,0.2126,0.5201,2.428,6.057,3.158,0.3358,0.3473,6.045,3.887,0.1263,7.67,9.105,0.6391,12.64,6.708,3.008,5.397,8.963,8.339,8.099,0.0574,4.996,1.847,0.9866,9.935,2.762,7.124,8.016,2.28,0.6092,0.4363,5.839,0.7357,6.038,8.983,7.174,4.88,0.8206,9.303,7.304,1.065,5.01,0.4733,14.47,3.044,0.6393,9.591,13.79,1.986,7.951,14.58,4.24,7.046,0.5566,11.14,2.613,14.54,8.171,7.587,13.58,2.284,2.316,6.569,8.118,4.77,3.378,8.897,2.961,0.2145,6.218,4.714,4.837,9.04,4.254,1.825,0.5194,0.2962,5.076,0.627,5.587,0.4136,0.1746,2.913,4.752,3.196,1.568,5.625,6.562,1.837,15.17,8.528,5.205,5.739,1.681,8.311,0.3476,5.729,2.342,5.406,5.69,0.3669,1.774,3.752,0.5359,6.129,3.3,4.353,0.6805,1.459,16.47,0.1183,7.146,5.488,6.843,8.616,1.367,0.2791,4.448,0.7655,5.598,6.796,3.527,3.106,1.641,6.059,6.284,0.1512,4.986,6.069,0.0913,4.45,6.055,2.02,6.706,1.336,10.29,7.203,2.364,3.698,4.889,7.844,2.949,0.4272,2.961,3.524,1.225,0.0963,5.304,10.89,0.2208,5.933,11.83,7.178,1.109,4.443,0.8456,6.393,9.734,8.279,9.246,0.5177,7.436,4.343,7.98,1.488,10.68,1.814,0.3336,0.2593,3.446,12.04,7.484,2.922,2.734,5.244,2.949,7.571,10.44,6.916,11.41,6.597,4.872,2.967,5.052,5.455,0.2379,7.504,10.47,7.228,5.7,4.379,0.7402,5.092,4.166,10.35,4.027,4.195,6.189,9.795,10.56,7.133,3.008,10.98,4.368,6.643,6.994,9.044,0.755,1.519,5.34,4.675,10.99,10.18,4.183,7.821,7.877,7.617,2.556,6.334,6.296,11.31,8.916,16.92,5.232,6.261,5.338,5.05,14.35,11.18,7.567,1.057,1.896,8.127,11.43,3.788,7.109,4.463,1.006,5.586,3.813,5.739,5.873,10.5,5.76,8.035,2.127,11.34,2.441,10.52,16.75,0.7889,6.886,7.407,6.73,7.46,9.303,10.37,14.02,6.462,3.777,12.48,5.681,11.62,8.207,9.449,5.068,6.954,5.094,10.89,6.291,0.3389,2.322,5.398,0.3666,3.482,10.0,10.85,8.657,4.619,0.0974,11.59,2.985,0.5082,13.11,5.338,4.015,5.26,6.041,3.652,4.235,6.108,8.139,6.826,8.777,4.426,9.582,3.748,5.309,9.285,9.709,10.57,5.214,0.5287,3.22,6.43,3.819,5.451,9.63,5.298,8.433,5.053,11.15,4.631,0.2174,9.222,7.312,7.248,7.206,3.961,5.249,5.591,5.678,0.163,8.3,7.875,12.7,2.815,10.08,0.4142,4.419,8.769
KCNH2,ENSG00000055118.14,21.18,33.84,39.57,4.532,43.87,42.4,4.266,54.49,51.85,16.24,9.476,4.335,55.99,42.32,9.121,6.141,11.51,10.92,39.18,10.97,50.39,10.53,10.26,35.18,4.361,44.21,26.09,26.25,24.19,58.94,39.05,0.8419,7.414,12.81,14.47,15.96,17.17,28.7,53.04,74.81,9.218,20.14,48.96,39.46,37.88,23.04,55.07,0.2105,37.09,41.72,8.509,54.23,42.91,51.21,1.025,25.48,56.4,10.38,1.216,34.61,5.426,0.0581,30.02,8.35,55.22,23.7,9.435,49.88,37.62,36.17,1.831,11.74,3.966,13.12,35.62,55.17,16.91,26.55,25.01,33.73,33.56,67.69,37.46,18.26,11.95,7.33,27.12,64.95,10.84,57.75,41.45,4.27,3.445,20.22,0.8905,13.3,0.6159,30.74,0.4581,0.8603,3.419,1.303,4.356,10.42,41.72,11.96,1.027,1.371,28.57,22.86,0.3456,40.65,45.57,3.234,38.53,39.9,23.53,27.04,40.94,66.0,53.29,0.2597,27.24,22.22,6.095,23.19,16.01,46.51,52.91,14.84,5.227,2.214,31.68,4.884,17.77,35.13,25.4,28.19,6.129,79.15,45.59,8.522,10.76,4.02,43.98,12.8,6.954,65.61,50.32,8.694,46.42,55.5,26.2,27.15,2.523,37.63,11.47,47.11,31.08,36.34,45.77,12.0,4.372,38.72,44.45,21.18,15.09,37.97,25.66,0.5085,40.43,36.92,16.84,56.23,29.25,10.82,4.492,2.129,31.17,2.542,37.11,1.707,0.3148,10.46,33.29,19.43,7.609,42.23,39.46,7.33,42.47,30.12,39.27,33.69,4.888,83.74,1.148,27.61,5.124,20.8,46.34,2.314,15.02,8.206,2.583,24.39,15.5,23.96,3.494,7.074,53.2,0.8208,40.72,35.75,21.57,49.69,3.155,1.251,26.0,4.277,23.26,69.43,25.53,8.354,4.701,24.77,55.89,1.133,41.85,50.35,0.787,17.64,47.38,9.463,32.37,8.811,48.5,77.42,10.38,2.87,16.24,42.87,18.63,0.8801,23.62,21.28,5.829,0.4922,17.93,54.26,0.736,25.92,50.45,51.46,5.103,11.47,3.143,51.54,39.94,37.33,32.94,1.278,26.56,32.87,37.19,13.33,53.91,4.051,1.583,2.814,34.05,48.82,43.67,19.68,10.31,0.9034,9.661,32.05,47.48,41.93,56.98,33.22,35.4,23.06,30.23,35.52,1.111,35.7,44.31,35.64,41.05,16.38,0.8536,27.6,18.67,34.4,46.38,26.6,31.38,26.86,23.26,42.72,16.55,52.99,53.12,34.96,49.24,47.05,5.227,1.808,23.5,15.74,44.74,24.85,36.03,36.19,35.69,29.94,12.8,59.23,31.44,57.72,47.68,47.55,20.13,16.2,30.85,16.74,43.99,32.25,33.08,5.255,17.06,36.77,24.42,26.43,81.0,28.83,3.778,24.27,11.06,32.58,14.1,26.22,17.87,40.64,11.12,72.7,13.54,25.6,86.58,2.705,42.81,21.77,50.95,42.37,17.24,52.44,49.12,34.05,22.24,20.29,32.63,32.49,24.13,33.17,45.88,35.34,13.29,53.99,17.08,1.423,18.31,31.52,3.619,10.44,52.09,41.69,36.49,46.53,0.5647,40.25,16.61,3.948,53.39,35.21,35.44,33.09,29.04,26.78,42.76,15.07,43.59,37.14,30.65,20.44,38.08,27.54,56.59,43.97,40.54,85.93,23.94,4.365,27.4,44.35,26.26,21.17,42.09,30.82,38.46,33.17,44.9,36.09,2.601,34.97,37.79,42.13,41.46,86.15,30.67,20.19,22.33,0.6918,46.67,38.38,38.52,15.43,40.14,1.648,10.3,46.42
KCNIP2,ENSG00000120049.18,87.28,177.7,133.1,19.63,83.12,243.7,24.74,67.82,36.12,139.9,51.37,20.05,30.65,64.13,84.83,23.35,166.3,47.36,273.7,101.6,50.68,13.73,25.03,83.27,29.81,137.1,334.1,56.01,240.6,35.38,5.152,1.945,76.56,143.1,112.3,237.7,228.4,13.8,393.9,21.24,10.99,205.7,263.1,12.6,233.7,17.66,182.6,1.987,210.4,299.3,58.84,11.2,195.7,105.0,2.158,53.21,76.04,72.22,5.548,97.87,22.67,0.983,230.5,1.75,327.0,141.6,81.01,101.1,70.28,241.3,2.523,47.27,29.74,35.05,81.69,20.36,58.12,248.3,105.2,164.0,96.31,14.69,109.7,74.41,53.23,102.5,151.7,5.577,47.62,17.59,79.95,21.05,5.634,34.92,9.233,39.73,5.15,502.9,1.371,4.827,57.47,6.359,12.44,57.46,257.9,27.48,9.87,5.246,80.27,147.7,4.751,256.6,222.2,31.51,162.8,184.9,12.23,151.2,129.6,96.53,313.1,0.7176,175.0,12.15,19.81,112.3,75.82,145.2,19.97,94.51,13.74,28.59,145.0,20.33,57.5,118.4,212.5,179.9,18.37,27.91,115.3,23.51,5.041,18.56,13.21,62.9,37.51,18.96,149.9,20.81,22.35,129.2,167.8,11.29,14.84,113.3,121.7,183.7,174.8,199.9,252.0,69.52,11.54,306.3,26.69,67.41,108.2,213.1,125.4,1.299,105.4,76.47,173.1,111.9,41.3,127.0,31.89,2.272,19.7,12.63,13.91,5.224,1.94,37.26,142.7,175.0,32.9,159.6,7.072,42.8,53.72,47.89,230.6,9.501,53.2,71.14,1.84,90.76,23.84,159.1,31.9,3.192,123.6,39.71,9.313,114.7,190.1,253.6,40.8,44.78,84.5,2.083,109.3,123.5,43.07,6.374,15.54,5.817,140.2,35.08,121.6,86.58,169.7,54.34,22.16,197.3,38.3,1.356,152.9,53.73,0.5772,167.1,246.0,18.22,57.7,28.98,8.121,6.835,83.13,19.74,140.1,138.4,16.71,1.001,94.1,42.51,29.42,3.659,11.66,289.5,4.494,95.43,13.08,35.98,32.37,88.6,2.16,100.7,14.8,329.7,157.4,7.619,68.2,69.7,12.59,22.23,173.4,93.45,9.15,13.95,214.0,259.0,55.03,223.6,44.42,3.712,29.27,60.06,26.34,50.89,17.41,112.5,309.8,102.5,78.75,24.62,4.731,7.837,141.0,249.2,289.1,35.88,6.547,151.5,105.1,171.6,71.3,243.3,35.7,51.97,224.9,275.7,82.84,41.02,53.62,184.1,33.02,263.7,14.33,40.38,225.5,118.4,56.14,54.53,135.8,46.48,194.7,309.4,74.33,72.51,21.01,149.5,82.89,228.3,75.46,188.9,104.7,164.9,103.3,231.2,445.7,22.18,58.41,393.4,214.5,260.0,197.7,98.0,22.2,246.1,61.57,157.9,83.78,96.69,150.2,252.5,64.72,44.48,17.22,157.0,18.78,34.11,42.08,89.04,57.9,125.0,115.9,164.0,132.6,219.6,98.79,247.7,206.4,144.2,176.3,160.8,49.34,75.09,191.8,169.1,169.5,11.15,91.09,152.3,28.24,48.93,123.4,250.0,263.4,340.6,3.759,99.98,13.38,19.6,62.16,134.4,179.1,102.2,178.0,176.2,49.9,74.14,146.3,2.817,49.36,62.04,212.9,123.7,40.27,244.3,8.686,15.6,264.7,17.44,76.17,342.4,30.57,39.55,97.1,102.2,58.33,302.9,134.7,93.58,6.585,78.34,92.59,19.13,22.29,70.93,152.2,124.9,243.8,3.041,73.74,10.39,106.3,173.6,240.6,6.342,20.68,184.9
KCNJ2,ENSG00000123700.4,7.101,9.223,8.081,2.548,6.885,4.537,0.8614,8.78,3.154,6.673,2.023,1.575,9.094,6.015,1.168,2.023,7.667,3.123,6.795,5.76,7.237,3.571,4.539,2.799,2.231,5.985,4.478,11.36,3.829,7.002,7.509,0.8014,3.667,1.716,4.714,8.807,8.941,3.76,9.75,8.504,2.197,10.49,10.37,8.595,6.033,6.593,5.684,0.2583,9.277,6.601,4.294,9.607,11.49,4.201,0.7573,5.389,8.942,7.482,0.5982,9.088,1.075,0.2592,10.1,3.455,9.548,3.306,2.268,9.479,7.045,6.427,0.8034,2.545,2.278,1.418,9.152,7.242,3.01,15.91,7.462,20.12,11.29,2.864,7.358,4.742,4.209,0.8169,3.188,4.97,2.985,6.894,5.379,0.9428,2.574,3.573,0.5853,4.063,0.2309,4.402,0.2655,0.5388,2.648,0.459,0.4901,12.51,14.15,2.9,0.5541,0.945,10.73,7.828,0.3435,4.985,6.8,2.671,6.257,12.16,4.105,9.824,11.14,2.873,7.809,0.3904,6.89,7.273,2.777,8.638,5.175,8.749,10.04,3.519,1.638,0.8401,7.18,0.9924,4.715,5.657,5.716,8.147,1.125,7.373,5.717,1.496,5.28,0.6436,16.06,3.665,1.943,9.256,7.591,4.613,4.51,9.431,5.128,6.115,0.4992,14.46,3.385,8.35,4.362,9.404,11.82,2.235,1.048,13.79,11.74,2.666,3.037,5.501,6.116,0.6655,14.66,7.414,5.484,6.066,2.477,4.417,0.7574,0.591,8.8,1.907,10.75,1.056,0.3806,5.779,9.299,6.236,5.849,7.074,5.784,3.556,12.06,8.418,6.9,10.31,1.663,5.631,1.168,6.349,2.368,8.915,7.748,1.257,1.647,2.895,1.289,4.869,4.053,7.91,0.9112,1.85,11.49,0.2712,7.05,5.252,4.99,6.56,1.458,0.3438,4.031,1.56,8.814,4.684,2.592,1.891,2.87,14.17,6.259,1.001,17.49,6.229,0.5747,3.808,9.501,2.797,13.63,0.7695,6.638,8.055,2.079,3.654,4.825,6.766,4.3,0.452,2.719,4.514,1.966,0.281,3.051,8.643,0.5467,4.915,7.57,8.573,1.707,4.974,1.196,8.339,8.445,6.106,4.162,0.9078,11.64,3.646,10.2,3.103,9.433,1.091,0.6526,0.8053,1.872,8.808,4.118,4.536,6.009,5.941,1.994,12.4,11.5,4.98,9.358,3.055,16.1,2.839,9.824,5.44,0.6697,5.799,10.37,7.205,3.326,4.898,0.8019,4.143,2.769,13.26,14.72,6.433,4.768,5.497,9.933,9.141,4.264,12.93,4.864,8.828,11.11,5.443,1.488,0.7337,3.258,8.611,7.672,7.562,7.762,4.726,11.91,6.614,4.012,8.917,15.87,11.6,8.214,7.893,9.304,15.21,6.04,3.414,8.893,7.69,20.07,1.354,4.096,21.8,9.783,3.733,9.466,3.293,1.723,5.336,2.947,13.86,7.373,4.455,2.762,12.07,2.838,5.333,2.007,11.46,7.017,1.962,9.79,11.27,11.79,5.661,2.555,27.73,6.73,15.7,7.321,10.03,2.954,7.879,8.369,14.3,3.95,8.426,1.07,11.02,3.982,0.8188,5.342,5.321,1.754,2.708,6.968,11.07,9.511,7.989,0.2179,6.65,3.458,1.021,4.766,6.666,5.689,4.023,5.791,3.6,4.157,5.339,12.91,4.558,29.01,9.603,5.538,6.594,2.975,5.738,6.374,9.271,11.78,1.741,4.551,9.724,6.073,13.31,6.989,2.161,4.742,6.236,6.835,11.54,0.7893,8.161,6.468,7.504,10.95,4.988,8.339,3.922,5.986,0.5808,10.42,6.419,8.399,2.693,10.04,0.7216,3.63,8.827
KCNQ1,ENSG00000053918.15,10.97,17.35,19.74,4.546,14.57,16.75,2.751,27.06,8.961,10.11,5.673,2.984,25.18,17.4,7.266,4.525,34.23,14.12,18.27,6.298,16.63,9.911,5.41,17.89,3.243,16.89,17.81,14.58,21.7,27.44,22.81,0.9268,5.129,8.342,9.879,8.619,10.66,18.65,20.8,22.73,7.177,15.42,24.56,19.82,22.99,12.59,21.82,0.814,17.87,17.09,5.727,29.91,14.55,26.03,1.385,13.38,15.34,6.369,1.157,23.39,6.441,0.898,12.51,14.99,19.48,14.02,6.564,18.87,20.94,17.76,1.738,12.66,4.748,12.66,13.28,19.71,8.655,12.27,16.81,18.67,13.87,13.61,19.21,13.3,8.648,3.929,14.35,26.08,8.588,25.18,18.75,2.954,4.175,7.664,1.749,10.14,0.707,29.08,0.4617,0.7245,13.67,1.263,3.667,8.49,16.61,19.1,1.441,1.871,23.21,13.98,0.844,14.95,21.22,3.284,20.89,15.92,17.02,13.29,15.22,12.44,20.66,0.493,10.14,9.922,4.291,51.79,8.505,21.71,24.91,10.04,3.808,2.376,18.16,3.106,10.18,18.79,17.31,12.63,4.317,29.95,19.71,7.995,13.3,3.479,21.54,6.232,5.76,31.99,18.89,7.14,26.42,20.88,11.64,19.34,1.882,18.79,8.903,22.2,14.51,21.44,16.74,6.354,8.002,23.48,18.19,16.75,11.86,15.59,10.3,0.948,19.98,16.33,10.9,22.74,30.66,7.587,3.577,1.694,22.35,2.185,21.24,1.884,0.7383,6.817,14.15,12.46,6.855,21.79,21.22,5.683,15.35,12.56,18.38,22.65,2.845,15.43,2.0,12.12,5.916,14.18,27.68,2.616,8.215,10.01,1.755,12.17,9.585,15.0,5.485,4.581,26.71,1.494,18.43,16.44,3.194,20.78,2.72,1.612,16.09,4.198,14.9,23.95,10.36,9.171,4.266,10.11,40.62,1.42,19.2,17.82,1.286,12.77,30.57,5.676,20.23,6.23,25.34,37.02,7.883,1.964,9.259,22.6,14.21,1.513,14.69,17.66,5.089,0.6517,5.386,19.76,1.189,17.92,22.52,21.92,4.25,10.02,3.876,23.26,12.16,30.83,14.54,1.343,12.3,14.77,15.71,7.003,24.7,14.81,1.976,2.016,23.31,24.71,24.11,16.99,5.995,3.142,10.14,16.74,21.54,14.83,21.39,12.06,12.88,12.79,17.13,25.34,1.327,22.93,15.27,18.98,18.5,13.38,0.8864,13.5,13.23,23.07,23.71,14.99,17.58,11.47,11.86,15.47,8.973,26.46,28.22,16.47,14.92,20.81,3.363,2.805,15.3,6.838,16.0,20.7,17.87,13.16,18.65,13.11,7.383,21.92,14.57,24.66,29.69,33.86,11.83,27.43,14.33,16.08,16.44,14.09,17.2,5.748,14.04,15.51,13.38,13.14,44.59,14.46,2.865,12.48,7.305,21.05,14.8,10.81,10.18,24.64,9.034,24.0,8.835,10.1,35.88,2.444,17.68,9.699,22.18,23.34,15.92,19.94,19.81,13.23,14.39,10.09,12.53,14.54,18.1,17.3,20.69,16.33,19.85,28.04,14.83,1.873,11.52,15.33,3.016,6.002,15.23,19.41,19.31,15.65,1.081,18.43,16.64,3.544,21.66,16.44,11.23,13.72,14.93,8.789,6.726,12.0,22.11,17.41,13.89,9.594,15.71,13.51,7.431,18.81,17.39,18.66,13.3,2.655,15.97,15.3,13.32,12.31,19.96,12.48,23.23,14.87,15.2,22.76,2.722,15.47,18.52,17.88,21.87,15.99,16.55,9.055,16.35,1.585,22.56,16.94,16.18,10.83,15.08,1.549,6.185,20.65
RYR2,ENSG00000198626.15,66.34,106.7,133.7,14.55,159.0,123.7,8.668,225.9,45.04,32.83,29.22,9.985,159.7,115.9,26.47,9.533,105.7,34.05,144.9,52.2,88.78,26.22,27.42,127.6,9.281,224.6,116.3,97.92,67.16,151.4,100.6,1.132,25.45,37.21,39.25,53.47,52.9,67.76,199.9,119.1,25.56,82.75,131.6,193.6,188.3,143.6,115.8,0.7896,168.3,131.7,21.6,88.85,182.5,170.5,1.058,97.7,121.1,24.0,1.994,99.69,17.36,0.6289,67.2,9.263,147.0,51.52,18.8,191.4,119.0,138.7,2.779,28.57,11.79,40.51,154.3,178.2,30.22,194.3,85.95,192.5,137.3,47.69,160.0,23.11,24.69,8.242,73.86,145.5,33.07,89.33,172.8,8.598,7.515,35.4,2.709,28.69,0.9365,79.42,0.8179,1.655,33.65,3.602,7.652,37.62,213.5,36.77,2.429,4.515,155.7,62.97,1.553,134.2,97.96,8.658,158.3,167.2,15.33,201.6,166.7,40.55,268.1,0.5149,146.0,28.01,16.18,91.78,53.2,194.0,272.4,26.91,10.84,5.458,104.6,6.48,52.31,183.6,100.2,70.78,7.358,69.07,89.3,11.29,5.545,7.817,317.6,33.77,14.54,115.2,206.9,34.26,90.21,197.2,15.52,32.36,4.109,188.5,32.84,181.3,77.9,207.4,307.5,29.4,14.62,148.6,170.2,60.14,52.91,129.7,89.57,0.8402,190.8,135.4,74.72,145.8,86.15,33.96,9.607,3.154,96.14,7.672,173.1,3.336,0.982,25.08,172.9,47.69,18.81,142.5,92.45,35.84,173.1,156.7,176.2,86.53,16.85,61.09,2.22,175.1,8.974,117.1,143.6,3.758,24.66,20.65,4.204,96.93,31.74,99.28,13.72,18.08,207.5,1.416,153.9,177.4,18.12,101.7,6.133,2.27,63.52,10.21,60.1,92.97,40.61,20.22,16.07,119.3,72.57,1.044,156.7,135.0,1.052,91.77,96.76,31.2,138.4,15.46,175.7,145.7,28.3,3.568,63.38,167.5,46.78,1.206,42.52,79.71,10.9,0.9588,7.651,262.6,1.501,104.8,203.2,172.1,11.66,18.58,3.698,126.1,117.4,98.35,126.9,2.928,104.4,33.52,223.5,41.95,161.8,29.1,1.45,4.195,48.53,144.8,57.34,77.11,46.63,1.662,16.17,187.3,101.8,87.83,175.2,96.92,157.7,51.51,92.48,66.38,1.694,189.0,235.0,98.73,82.44,40.89,2.474,114.4,29.99,204.1,49.44,137.8,188.2,155.3,131.2,218.9,49.79,89.87,75.51,186.3,328.2,129.6,4.379,7.559,62.99,150.2,210.7,34.16,82.29,68.47,260.7,73.32,34.59,151.9,219.5,277.7,89.31,156.3,135.3,44.72,69.65,221.6,245.2,258.5,207.1,6.906,24.15,274.2,205.4,95.0,148.3,40.26,11.09,126.8,34.04,131.0,115.6,114.4,54.96,183.7,25.05,159.3,13.89,277.5,110.3,10.41,117.2,186.4,200.7,78.81,105.8,192.5,199.2,90.68,80.47,170.5,153.9,179.2,114.8,200.2,68.78,183.3,95.25,236.4,29.14,3.351,54.57,59.93,7.438,23.78,82.3,131.1,129.9,56.81,0.5819,184.6,25.21,7.517,146.3,175.0,122.1,125.1,102.8,77.86,34.49,152.4,118.8,51.69,240.9,51.72,130.2,95.36,43.25,194.0,117.6,89.36,75.08,9.213,40.33,179.2,49.04,73.19,141.8,76.72,116.8,165.1,180.0,158.2,2.775,124.8,105.6,183.3,227.2,39.19,156.7,74.84,147.6,1.449,148.7,136.8,229.5,51.42,254.8,2.78,27.36,238.5
SCN5A,ENSG00000183873.15,30.88,33.01,56.63,4.792,76.04,68.65,5.079,89.2,52.23,19.45,11.49,7.658,96.39,65.61,18.28,5.392,19.57,22.33,28.21,25.61,69.36,19.51,13.66,74.93,4.634,53.8,24.65,52.66,21.92,92.12,66.28,0.4394,7.025,12.67,14.22,16.31,22.49,41.27,92.8,94.5,17.76,11.84,41.26,95.62,35.99,38.8,72.72,0.6045,53.22,44.44,12.19,60.34,51.52,74.12,1.068,38.33,108.4,5.888,1.337,61.74,15.47,0.2615,34.65,10.42,60.54,24.5,5.944,75.15,58.4,35.96,1.672,16.82,6.235,28.18,49.73,54.85,14.67,25.07,41.71,62.31,62.44,70.46,44.7,16.55,14.15,3.309,29.96,94.06,17.2,77.62,82.56,2.614,6.104,28.13,1.357,16.0,0.5305,38.85,0.4272,0.7216,10.83,1.689,5.045,23.06,70.78,34.12,0.9232,2.597,34.06,24.32,0.6717,46.68,82.96,4.963,84.54,73.79,34.77,43.23,75.58,59.9,62.93,0.4122,44.17,21.27,10.17,32.56,22.82,66.62,75.34,14.8,6.885,2.225,45.29,5.043,25.59,38.02,29.31,40.15,4.349,98.39,72.07,8.454,5.251,6.206,95.44,10.1,9.079,69.05,62.3,20.92,78.62,80.35,15.39,46.43,2.506,51.79,9.08,80.93,35.81,34.91,88.68,16.98,21.57,39.9,102.6,41.79,21.88,42.36,44.84,0.6254,86.79,45.54,21.75,81.3,66.85,18.04,3.661,3.059,62.49,2.688,67.77,2.099,0.7183,10.12,40.77,20.31,10.21,61.2,63.81,14.52,67.69,54.07,54.16,65.38,3.264,56.16,1.831,42.44,4.976,28.35,72.17,3.112,10.96,15.24,2.912,46.0,7.64,36.9,4.047,6.634,100.4,0.9522,72.79,46.74,17.49,90.7,3.023,2.106,34.01,5.372,30.65,55.52,28.43,5.577,4.931,27.86,83.07,1.016,70.38,55.78,1.57,27.43,108.8,27.03,55.08,11.76,106.3,111.3,11.24,1.931,19.56,54.02,50.7,0.9975,36.83,19.97,11.13,0.6766,18.13,82.57,1.369,46.86,88.37,73.33,4.77,16.94,4.331,67.99,40.83,13.71,72.94,2.001,56.6,45.74,67.77,28.82,99.88,23.25,1.159,2.42,21.47,81.12,62.2,29.55,21.84,0.1648,6.622,68.88,84.56,64.46,86.76,43.09,34.75,24.62,48.0,37.92,1.477,64.02,69.66,42.7,33.01,27.24,1.082,39.14,15.09,56.92,42.2,35.51,71.83,54.27,31.31,76.96,28.96,94.79,68.76,66.01,84.88,75.14,3.301,1.275,11.16,27.09,63.54,23.39,55.81,44.74,62.0,32.61,15.23,82.15,63.78,70.51,55.59,69.19,43.6,14.51,43.53,35.08,70.28,30.7,34.01,6.982,22.55,54.85,43.96,29.13,89.57,29.34,5.061,32.55,12.95,41.08,29.74,38.08,32.53,61.04,11.57,166.3,17.32,71.12,146.3,3.98,64.91,38.12,69.52,29.13,24.59,65.89,89.96,42.47,35.14,32.14,34.1,62.08,31.64,45.2,60.15,44.89,33.82,74.77,7.118,2.085,25.55,51.98,3.783,6.647,66.26,60.01,37.2,67.4,0.4842,72.16,26.3,3.788,72.87,61.5,38.07,45.72,29.9,27.98,38.79,40.15,56.71,62.71,40.38,30.51,56.71,37.46,55.39,68.58,55.92,124.8,25.58,5.244,30.05,45.22,27.53,33.19,82.62,27.12,69.33,44.75,65.23,52.31,2.698,58.38,65.32,72.36,93.65,44.04,48.98,27.39,38.02,0.9478,97.86,79.07,56.42,10.58,37.67,2.129,12.9,70.17
SLC8A1,ENSG00000183023.18,10.76,14.2,22.53,2.852,19.71,17.71,1.152,18.04,8.29,5.637,4.008,1.328,29.83,11.39,3.619,1.701,16.86,4.492,15.56,5.736,22.07,4.225,3.792,25.05,1.237,21.47,12.54,14.03,9.508,23.87,25.01,0.5006,3.078,4.705,8.644,8.353,11.85,8.602,29.21,18.66,2.436,18.57,19.64,26.96,20.87,19.47,24.98,0.3415,16.79,15.02,3.356,21.75,32.61,26.02,0.3788,13.8,25.11,4.047,0.5924,16.08,1.681,0.2016,10.66,1.983,22.83,5.658,4.667,24.1,12.3,15.16,0.4143,5.372,3.26,5.838,17.56,24.46,4.428,38.47,17.86,45.02,23.08,11.86,19.05,6.025,4.451,0.8671,9.55,19.72,3.785,18.19,20.72,1.189,1.463,6.33,0.4505,3.485,0.1436,26.19,0.2608,0.3644,4.043,0.5514,0.6607,7.802,21.24,6.841,0.9177,0.4596,28.1,11.0,0.3811,13.29,19.86,1.981,16.37,30.11,11.78,54.6,16.95,16.85,24.88,0.1701,18.65,4.985,2.488,30.76,7.835,30.87,30.41,4.959,1.331,0.5309,9.937,1.251,4.877,19.2,10.7,11.75,1.515,8.533,15.93,1.828,1.474,1.023,45.71,4.891,1.632,41.89,28.6,5.342,13.17,22.31,6.709,5.086,0.4337,38.27,3.316,16.54,6.961,28.33,26.2,3.053,3.014,33.68,23.72,7.845,6.467,7.526,10.42,0.4427,16.44,19.22,9.691,14.27,14.08,6.417,1.183,0.3613,21.71,0.9726,24.32,0.7498,0.3773,4.792,21.98,9.979,3.565,12.45,15.01,5.207,18.35,13.24,21.3,16.2,2.616,20.33,0.5478,21.38,1.826,12.27,21.97,1.034,7.083,4.578,0.8899,14.15,6.906,14.0,1.857,1.401,39.44,0.3629,18.84,17.23,2.565,15.73,1.654,0.2721,9.885,1.824,7.818,24.36,3.933,2.468,2.861,24.07,9.468,0.2519,31.1,23.08,0.2462,14.61,21.34,2.934,28.9,1.636,27.02,27.71,3.166,1.591,7.707,23.57,7.431,0.1622,7.567,10.61,1.483,0.1468,2.265,22.14,0.2133,11.74,24.27,17.84,1.227,8.212,0.904,21.79,25.41,18.93,8.836,0.7852,19.47,4.76,22.39,4.703,22.34,3.848,0.6497,0.6999,9.229,21.12,10.01,12.23,7.022,1.691,5.005,19.06,15.22,10.63,29.61,9.817,16.37,8.788,23.21,13.27,0.4156,29.59,22.73,11.19,11.94,7.943,0.6301,7.068,4.863,39.6,13.22,15.76,14.67,29.93,14.8,26.0,4.376,16.16,12.25,19.05,26.68,11.28,0.7745,0.9313,11.69,23.84,20.36,11.82,15.24,8.293,30.22,7.923,5.092,28.26,26.67,32.29,26.38,26.51,19.66,10.09,5.575,18.8,29.79,30.24,30.03,1.288,5.186,45.58,16.48,9.85,32.87,6.235,1.158,15.46,4.825,37.64,9.603,12.92,11.99,35.79,4.078,34.84,3.894,38.03,18.68,2.349,13.4,18.15,38.69,21.09,12.85,31.51,24.81,11.1,12.13,24.48,19.29,17.55,24.71,22.08,16.55,27.12,9.232,39.81,8.261,0.4711,8.833,7.286,0.9865,2.431,15.22,10.91,16.0,23.51,0.1567,17.2,4.449,0.8206,20.58,22.57,13.47,11.58,13.9,7.149,4.03,18.18,30.79,16.98,42.54,7.668,17.62,9.086,5.488,20.05,11.66,20.86,13.94,1.696,10.59,23.05,11.5,10.78,24.37,13.18,24.11,24.39,23.81,29.3,0.4539,17.78,20.02,16.31,30.77,11.99,14.64,7.544,46.21,0.4334,20.74,18.09,29.06,7.603,20.33,0.5725,4.221,27.72
ATP1A2,ENSG00000018625.14,81.52,142.8,151.2,30.99,199.5,84.92,13.7,219.8,7.838,40.35,27.11,12.66,234.9,253.3,15.39,11.75,9.683,19.13,84.72,26.98,145.1,44.02,21.22,161.6,12.52,261.3,54.83,136.8,26.43,190.4,138.7,7.978,15.81,52.1,58.71,27.05,36.81,90.56,392.0,150.1,18.88,22.26,112.9,222.5,72.46,142.9,157.6,6.115,193.7,111.4,12.98,95.89,112.9,103.7,18.57,105.9,152.3,15.67,6.744,134.7,13.83,7.17,65.27,3.755,190.8,77.75,7.413,236.7,203.3,112.9,3.376,65.13,19.03,36.24,131.1,201.5,73.09,133.4,105.0,138.5,132.0,78.43,216.0,31.92,29.11,16.85,69.17,216.0,27.52,178.7,302.1,5.497,14.41,75.43,3.567,57.05,3.035,53.91,5.681,4.527,12.14,7.493,6.943,36.75,159.6,36.93,8.423,4.905,61.94,29.18,2.493,165.0,149.4,9.681,180.1,171.6,53.51,51.01,184.8,10.45,190.6,1.42,54.15,34.65,14.03,52.02,47.36,148.0,164.4,48.85,13.46,6.944,132.5,15.76,51.24,185.4,48.49,140.5,6.772,88.02,114.3,19.07,29.85,11.22,185.1,67.33,11.59,76.12,237.6,38.01,172.1,360.4,19.0,37.77,8.41,253.0,21.44,209.3,110.1,140.6,302.3,25.19,12.6,100.2,260.4,70.67,37.58,138.9,100.0,14.42,231.7,160.6,53.25,286.4,110.6,28.44,14.3,9.457,160.1,22.01,95.57,7.348,5.859,29.42,156.2,44.86,29.32,146.4,93.84,26.66,184.4,257.5,96.18,126.4,23.82,38.7,10.79,109.3,15.15,82.83,129.0,26.77,31.17,28.02,8.594,36.33,28.29,142.6,5.477,25.75,263.4,8.968,160.8,161.7,15.12,200.4,22.09,1.272,53.01,23.9,40.13,86.47,59.78,14.24,18.49,60.1,156.4,4.03,252.9,82.45,5.551,76.85,143.9,54.47,145.5,16.91,231.2,203.9,26.4,33.1,47.46,219.6,65.18,1.297,48.97,74.09,19.61,2.556,3.961,263.5,7.535,85.4,281.8,238.4,16.33,22.61,4.932,173.4,204.5,69.17,178.2,9.503,191.2,108.5,152.3,89.82,284.4,11.42,5.649,12.2,50.42,142.0,268.8,45.2,50.4,20.97,10.99,235.1,279.1,179.5,220.2,141.0,125.2,96.31,106.9,134.6,6.834,195.2,273.4,106.4,99.97,47.82,2.812,158.1,14.48,91.78,51.18,98.37,232.8,51.75,240.5,171.2,61.63,311.0,125.5,257.2,271.4,220.4,2.243,4.3,39.43,109.0,160.1,33.18,103.3,129.7,159.4,129.9,38.93,157.7,125.9,209.7,29.32,93.92,87.48,29.36,107.4,54.09,211.7,129.3,182.8,14.56,31.25,143.8,137.6,82.94,122.2,85.92,18.87,97.1,25.42,96.81,74.33,114.3,32.46,226.2,27.28,269.2,23.57,161.4,139.7,15.99,149.9,124.2,124.8,55.97,32.19,194.2,290.8,94.37,80.15,139.4,98.43,141.1,102.8,204.4,111.0,117.0,40.97,268.7,16.2,4.497,52.34,139.2,6.925,9.674,162.9,182.4,82.9,119.9,2.985,206.9,37.95,16.03,136.6,171.8,121.8,131.9,92.34,91.27,7.831,49.99,145.7,175.2,212.0,57.05,109.3,144.5,14.33,213.8,185.7,118.6,22.06,16.63,69.77,186.2,38.83,40.38,217.9,59.67,160.2,85.77,112.5,95.45,3.856,130.3,156.7,224.0,359.7,21.18,109.4,87.87,74.27,7.989,320.3,146.8,186.1,34.21,142.7,14.32,30.99,184.8
ATP1A3,ENSG00000105409.16,93.68,100.0,108.1,16.59,179.0,172.8,15.8,171.9,4.226,85.11,46.81,25.31,159.6,119.3,43.15,15.56,87.54,56.45,156.0,77.45,147.6,47.03,40.89,146.4,15.43,184.1,132.4,128.1,86.01,137.7,124.1,1.238,36.88,53.17,58.12,77.24,76.56,102.1,146.3,53.63,40.78,47.5,262.2,162.3,130.6,151.7,109.7,0.7067,149.2,272.2,44.62,42.32,192.2,136.6,2.01,102.5,176.5,39.49,2.082,99.47,31.41,0.39,130.4,17.49,183.2,66.0,36.91,189.4,92.66,182.4,4.546,37.58,16.42,59.21,156.0,178.4,57.14,108.5,142.9,262.6,140.1,47.08,178.9,58.88,57.22,9.866,74.76,102.2,48.71,200.6,120.4,17.41,12.71,43.25,4.865,20.85,1.478,174.2,1.074,2.225,31.92,3.759,15.16,88.44,207.4,54.13,3.441,5.913,98.82,90.51,1.67,158.4,116.2,13.28,156.5,130.8,29.3,121.4,190.7,8.708,212.6,0.4359,182.5,34.39,25.37,45.04,78.28,149.9,203.9,37.03,23.28,6.922,138.4,8.49,61.38,129.9,138.6,54.96,11.2,20.4,209.8,26.0,16.08,16.71,275.4,23.04,21.35,76.93,181.3,37.65,103.8,222.7,41.13,67.08,9.33,247.1,59.67,135.0,136.9,224.6,136.2,34.6,20.98,162.4,169.0,76.88,60.63,148.9,91.65,0.6639,146.9,137.6,75.45,138.7,98.89,62.48,13.36,5.372,123.3,9.436,229.3,4.721,1.265,28.26,121.3,76.89,31.89,172.3,154.9,65.31,164.0,108.7,201.4,132.5,20.57,50.89,4.147,136.2,12.53,120.0,149.8,4.53,44.07,18.3,7.046,136.3,44.45,107.1,22.62,31.74,141.8,2.391,228.5,103.2,2.43,90.43,8.596,6.727,100.4,20.19,109.8,91.88,67.92,21.11,17.9,109.7,109.4,2.247,203.8,82.52,3.185,89.29,189.7,36.0,224.6,12.97,121.6,129.6,38.14,2.27,55.46,128.5,63.14,0.9094,82.64,64.55,12.55,1.37,3.802,130.4,2.182,169.6,134.9,63.34,17.17,12.24,8.012,134.1,76.33,77.38,45.26,8.445,76.21,65.12,126.0,29.62,162.0,24.33,2.733,5.739,204.1,129.8,106.9,137.7,39.21,0.0801,17.54,124.7,142.1,72.16,151.6,95.81,205.6,102.0,96.12,112.1,2.166,99.31,233.4,153.4,167.2,80.99,2.597,83.63,96.29,95.51,78.22,152.8,128.6,93.82,98.51,168.4,71.82,152.8,93.28,133.0,245.6,142.7,3.325,13.79,97.02,116.2,233.5,10.65,134.8,43.34,179.5,108.8,45.64,127.1,176.8,196.9,122.6,111.2,130.3,49.73,142.3,153.0,176.5,242.6,202.0,25.58,29.39,215.0,127.2,148.2,199.2,47.16,20.87,146.4,40.38,137.4,92.37,67.36,89.17,166.5,33.39,165.3,29.92,140.7,149.2,12.43,129.1,134.7,163.2,119.5,136.5,178.7,175.4,140.0,98.86,110.2,101.2,77.59,64.4,172.6,46.22,168.9,173.0,224.5,30.78,4.628,91.54,95.41,12.83,26.68,77.13,129.1,140.3,129.1,0.7504,109.8,24.48,8.09,102.5,124.8,133.9,110.2,163.4,115.6,14.23,73.52,113.9,73.68,123.7,68.96,115.1,66.22,7.123,132.5,70.4,69.35,142.3,14.82,111.9,195.8,41.38,135.4,128.1,110.4,125.0,112.3,176.4,159.4,6.978,66.45,80.48,79.18,131.7,12.49,148.7,67.42,66.97,1.989,194.8,142.7,166.5,66.64,155.4,4.987,21.04,219.7
CACNA2D1,ENSG00000153956.15,7.733,6.978,8.809,3.499,11.63,5.147,1.365,14.8,18.65,3.324,3.764,1.979,14.69,9.058,2.905,2.234,9.254,5.784,6.508,3.84,13.43,5.447,2.779,9.659,1.412,15.21,6.676,13.07,4.349,22.73,11.87,2.537,2.343,3.339,6.792,5.223,4.023,7.623,15.52,18.15,3.225,4.697,6.277,17.68,10.06,12.73,8.668,0.865,10.94,6.177,2.21,12.97,11.54,12.41,1.095,8.343,14.0,2.459,1.154,12.61,3.816,0.647,4.536,7.856,8.649,3.203,1.502,12.2,10.37,9.961,1.46,4.671,2.168,6.167,10.76,8.308,2.385,9.414,10.6,16.43,12.55,12.39,9.93,3.745,4.824,0.8996,3.409,17.65,2.669,10.8,13.6,1.052,3.469,2.525,0.974,2.88,0.3129,8.827,1.023,0.5117,3.707,0.8159,1.026,4.563,7.922,4.338,1.429,1.213,14.03,7.442,0.6247,10.83,6.945,2.698,10.68,12.45,13.97,10.69,12.91,14.4,11.89,0.4694,7.214,3.589,3.181,6.84,5.587,17.68,19.3,2.8,1.656,0.6575,11.06,1.204,3.34,9.481,7.631,6.507,1.435,14.77,8.69,1.663,6.537,1.094,23.84,3.088,1.517,29.62,11.59,7.38,10.31,16.52,2.342,6.653,0.4993,18.22,2.083,10.79,6.06,8.929,16.98,2.29,4.37,11.83,16.32,7.942,5.274,6.183,9.385,1.635,12.75,10.11,7.284,11.82,10.28,5.37,0.8499,0.9214,13.94,1.617,12.72,1.186,0.8308,2.207,13.97,5.805,4.158,9.492,7.802,6.731,10.92,10.88,10.83,23.59,1.912,14.12,1.671,11.6,3.671,7.428,20.45,2.453,2.191,2.922,1.085,7.248,2.512,9.309,2.031,2.154,19.41,0.8322,10.87,8.33,12.45,17.06,2.038,0.5724,5.018,1.969,6.848,15.76,2.85,2.004,3.142,9.224,10.45,0.5627,12.48,15.7,0.9598,7.976,5.014,4.036,14.15,1.463,16.57,29.78,2.049,4.521,4.225,8.18,7.354,1.201,3.279,5.723,2.037,0.271,6.919,11.65,0.5722,6.929,13.38,11.74,1.277,4.915,1.798,13.47,9.454,4.494,17.04,1.658,14.56,4.94,10.74,4.953,8.862,1.877,1.031,0.7504,3.436,8.397,6.608,8.578,9.737,20.63,1.98,16.29,10.08,12.92,12.54,4.221,8.354,5.212,9.604,6.906,0.8125,17.18,11.28,7.645,5.424,9.48,1.081,4.933,2.112,24.22,8.077,4.961,14.1,10.6,7.78,17.07,4.09,9.822,7.283,12.45,14.42,7.632,0.8539,0.8859,4.416,8.663,11.54,12.65,8.169,7.941,13.69,4.91,3.882,20.67,17.44,13.15,12.45,10.39,14.13,6.216,6.252,8.743,14.14,12.21,9.494,1.187,3.03,18.33,10.09,5.745,16.08,4.565,1.517,6.515,4.141,9.957,6.328,7.839,6.415,17.29,2.002,15.28,8.212,25.12,28.91,1.961,12.51,17.46,31.42,12.57,7.396,13.75,19.48,7.734,8.052,14.38,8.048,20.05,13.92,17.91,15.24,11.92,6.044,18.95,2.913,0.7074,6.079,5.542,0.8304,3.535,19.99,9.343,8.968,5.702,0.5766,11.73,5.085,1.28,12.24,13.82,8.007,7.715,8.028,5.099,10.65,7.665,6.598,8.957,30.49,7.361,9.076,6.559,11.27,10.15,19.11,27.09,5.996,2.022,5.875,9.196,7.196,7.0,12.62,6.866,12.61,9.605,11.63,17.24,0.9995,9.799,16.07,14.37,13.9,11.04,8.947,5.219,6.844,1.001,12.77,15.1,10.84,3.723,10.84,1.111,2.752,11.36
CACNA2D2,ENSG00000007402.11,1.657,0.5478,0.6192,0.9385,0.7935,0.5402,0.3736,2.387,0.2109,0.7041,0.9274,0.7326,0.5593,1.189,0.9465,0.3378,0.4887,0.8412,1.334,0.4601,0.9328,1.167,0.5807,0.5852,0.5024,1.365,1.741,1.48,1.216,0.9231,0.9004,0.4913,0.5562,1.094,1.447,1.015,0.8645,0.9393,2.164,0.9978,0.6911,0.6018,1.823,0.7702,0.8665,1.051,0.8471,0.2557,1.036,1.019,0.6858,1.02,1.048,0.8221,0.4443,1.752,0.7406,0.8576,0.2593,1.122,0.4832,0.3405,1.323,0.3675,1.052,0.5911,0.3756,0.9223,1.225,1.483,0.2085,1.461,0.5407,0.3517,0.5628,1.821,0.3729,0.9485,1.897,1.852,0.6642,0.5888,0.6378,0.5943,0.807,0.1736,0.3467,0.4322,0.5251,2.504,0.8238,0.2604,0.4749,0.5218,0.1741,0.4919,0.1359,1.36,0.4175,0.2241,0.2906,0.1778,0.2885,1.063,1.679,0.4481,0.4559,0.3904,0.484,0.9741,0.1529,1.066,0.8781,0.6138,1.148,0.8642,2.119,1.138,1.217,0.3461,1.591,0.1338,0.8922,1.328,0.7341,0.6734,1.057,0.7611,1.887,0.893,0.3128,0.1683,0.9399,0.2584,1.171,1.008,1.547,0.5697,0.2849,0.637,1.425,1.034,0.9766,0.5982,1.833,0.7836,0.5039,1.037,1.903,0.8869,1.045,1.319,0.5861,0.5154,0.3662,1.647,0.7562,1.153,0.7219,1.59,0.9853,0.8928,0.6238,1.563,1.17,0.87,1.082,0.6996,0.6243,0.3713,0.7755,1.179,1.204,0.9819,0.5997,1.06,0.1777,0.6328,2.285,0.5203,1.148,0.5286,0.2,0.6244,0.6227,1.137,1.117,0.8519,1.313,1.081,0.9004,0.5975,1.576,3.18,0.5306,0.4014,0.4644,1.37,0.6677,1.112,0.7256,1.046,0.3925,0.3295,0.2881,1.09,0.4331,0.8058,0.2396,0.2433,1.505,0.3009,1.234,0.809,0.6304,0.6047,0.9658,0.1616,1.205,0.6927,0.9784,0.6299,0.4309,0.348,0.5207,1.146,1.112,0.3537,1.554,0.3713,0.3129,1.386,1.435,0.5459,1.721,0.2943,1.042,0.8293,0.4215,1.261,0.7397,1.127,1.045,0.0926,0.9925,0.6512,0.4157,0.177,0.349,1.548,0.3547,0.7286,1.649,1.177,0.5927,0.2898,0.2537,0.8514,0.77,0.6792,0.3597,0.4709,0.8597,0.4848,0.9862,0.5145,0.9435,0.222,0.6732,0.3664,0.5098,1.146,0.967,1.255,0.671,2.735,0.4264,0.8205,1.042,0.6638,1.177,0.5527,0.8346,0.8447,1.587,1.04,0.2259,1.329,1.237,1.042,0.9614,1.495,0.3204,0.8025,0.3089,0.9205,0.5058,0.6998,0.7953,0.9173,0.9725,1.1,0.8546,1.344,0.7363,0.8718,1.671,1.054,0.3535,0.257,0.6667,0.5074,1.896,0.8991,1.068,0.5345,1.631,0.8249,1.307,0.7223,1.725,1.449,1.313,0.9613,0.8498,0.767,1.096,1.047,1.182,1.535,1.873,0.6799,0.4439,2.215,0.6648,1.481,1.136,0.8569,0.599,1.195,0.6572,1.092,1.005,0.4975,1.05,1.145,0.8021,0.9827,0.8727,1.347,0.5902,0.5543,2.828,0.9803,1.28,0.6379,1.015,1.593,0.8257,1.578,0.9514,0.7254,0.5317,0.6211,0.6342,0.8903,0.4673,1.225,0.7069,1.714,0.6942,0.4093,1.1,0.9976,0.5969,0.811,0.7598,0.8525,1.608,0.9145,0.2001,1.531,0.5313,0.3281,1.363,0.6212,0.698,0.8312,1.645,0.5459,0.9049,0.6821,0.9876,0.6976,1.456,1.028,1.386,0.7235,0.3163,0.9955,0.7558,0.4342,1.065,0.7628,0.7801,1.61,1.064,1.2,0.8751,1.539,1.207,1.403,1.157,1.138,0.2008,0.6691,0.6631,1.488,1.912,0.2999,1.221,0.5473,0.5969,0.2889,1.472,0.5259,0.9843,1.188,0.9777,0.534,0.3757,1.035
CACNB2,ENSG00000165995.18,16.34,12.52,15.01,2.897,7.269,8.198,2.41,12.47,3.23,8.137,2.772,1.942,15.03,11.99,9.159,2.044,5.133,4.225,8.724,7.981,10.07,5.352,6.032,9.809,1.798,20.69,7.588,7.305,4.083,8.293,7.108,0.7988,4.428,5.117,6.574,11.28,11.44,6.14,14.91,9.337,2.097,9.008,13.38,6.694,12.05,7.444,9.169,0.2439,10.29,13.47,3.741,12.69,13.17,6.216,0.375,6.908,5.621,4.286,0.7301,5.671,2.309,0.3918,9.3,1.761,9.219,8.231,3.805,8.179,9.311,10.63,0.3654,4.418,3.975,3.424,10.85,14.8,8.43,10.51,8.741,14.68,9.044,13.68,19.22,4.359,3.514,1.864,7.735,6.225,2.709,9.645,8.742,0.9505,0.8055,10.51,0.8695,3.288,0.2561,16.35,0.1905,0.5266,1.71,0.6978,0.8858,5.594,11.92,6.542,0.8379,0.4186,7.269,10.04,0.3402,10.25,14.43,1.718,11.86,7.593,5.066,22.17,10.4,9.718,19.43,0.1657,8.042,5.637,1.95,15.04,10.73,10.5,10.63,7.44,1.105,0.61,10.75,1.998,6.82,6.737,12.57,13.48,1.346,3.651,13.92,2.486,1.881,1.451,15.21,11.89,1.792,10.88,20.86,2.82,6.398,15.55,7.469,2.15,0.8603,22.55,3.676,6.853,8.497,14.67,10.75,3.43,2.459,29.95,8.86,6.571,4.132,7.384,6.976,0.7042,16.64,7.05,8.161,7.696,12.45,5.83,1.979,0.6439,16.24,1.781,12.86,0.7532,0.3286,8.016,8.666,8.689,4.192,11.57,6.308,4.477,10.58,10.4,28.35,4.028,4.549,10.89,0.5888,9.205,3.274,31.13,5.264,0.9464,9.01,5.526,0.9766,13.53,11.73,10.58,0.9025,1.972,11.44,0.4813,12.79,6.839,2.503,10.4,2.512,0.1807,7.846,1.878,6.206,14.33,6.5,3.291,3.601,7.631,10.44,0.4179,10.27,10.11,0.4165,18.14,23.92,1.955,18.26,2.661,7.815,7.198,5.733,2.377,8.339,15.44,4.859,0.3713,5.391,5.562,3.071,0.2406,1.837,13.76,0.4401,8.293,7.843,10.18,1.914,5.827,0.4224,12.07,8.324,12.23,6.382,0.896,6.581,6.76,5.308,3.169,10.15,2.121,0.546,0.8601,9.303,10.56,17.71,9.35,4.608,3.587,4.331,9.424,13.22,8.283,11.63,7.955,10.52,9.234,9.553,9.031,0.4153,7.34,13.45,10.42,7.092,4.649,0.79,7.084,2.646,22.95,8.394,12.27,13.34,5.414,12.71,10.54,4.099,14.12,8.276,9.488,10.96,7.206,0.8076,1.712,11.2,18.02,8.381,2.66,6.72,5.229,12.71,6.569,4.307,10.68,7.839,8.472,8.201,13.0,8.821,10.61,7.925,2.947,11.91,12.44,23.56,2.187,5.838,18.8,13.63,7.96,22.48,10.17,1.15,8.166,3.368,22.58,4.798,6.685,17.9,26.12,4.651,16.67,3.119,11.11,7.159,3.015,8.391,8.732,17.76,14.82,6.202,19.77,12.64,9.914,6.253,22.4,7.623,10.68,10.84,12.61,8.498,9.45,3.522,22.33,8.791,0.6047,9.212,11.98,1.395,4.752,13.14,10.09,13.02,12.83,0.5302,7.444,2.79,1.514,9.513,17.7,5.471,6.036,12.92,6.428,3.338,3.162,10.61,6.938,13.26,8.964,12.68,9.588,3.402,9.629,6.648,7.519,13.13,1.966,8.422,12.11,6.416,13.94,11.62,8.747,5.737,10.62,7.847,8.886,0.6248,3.895,7.957,4.168,20.72,4.834,10.62,6.125,11.22,0.5276,15.19,6.961,14.36,10.91,14.3,0.8753,4.908,15.92
CALM1,ENSG00000198668.10,120.9,148.6,182.0,55.43,106.3,139.8,35.72,113.2,158.6,61.5,57.98,44.01,203.1,205.0,58.52,43.55,154.1,71.65,120.4,60.13,190.4,69.17,58.43,191.6,30.75,143.1,200.2,140.3,70.79,187.9,199.5,44.45,48.01,91.03,137.4,70.25,62.73,94.32,140.9,160.6,84.27,117.3,147.2,187.0,154.2,93.06,145.8,23.45,142.6,107.2,43.23,148.3,161.3,148.9,24.65,98.25,123.2,47.33,28.92,117.0,57.96,29.55,97.66,89.16,125.7,66.48,55.51,140.1,138.4,126.6,23.19,53.12,57.65,71.7,146.4,170.8,45.18,159.2,138.8,176.8,125.6,159.2,134.6,62.16,71.82,16.99,62.97,203.9,62.57,133.7,123.9,32.68,57.25,46.6,29.01,59.42,12.03,124.1,32.55,14.02,57.85,27.28,22.31,66.72,128.8,61.79,26.55,38.57,153.7,99.25,24.62,118.5,133.6,73.25,189.7,114.8,156.5,135.2,189.2,227.1,179.7,22.31,101.8,63.31,42.97,147.2,84.93,169.5,144.3,42.38,40.71,18.08,155.5,14.92,57.38,149.3,118.9,96.35,28.67,139.0,116.9,67.94,113.9,36.98,154.2,47.62,45.43,297.7,213.4,89.32,153.3,192.2,71.86,80.5,30.25,184.7,52.74,171.6,133.5,108.2,132.6,48.81,47.04,123.2,120.5,115.8,74.14,99.44,103.8,47.46,173.9,150.0,91.52,123.1,129.5,73.72,26.21,26.61,136.7,38.13,147.5,35.26,24.49,51.46,130.3,112.4,71.33,162.7,127.8,74.86,137.9,137.8,163.6,185.4,40.27,215.9,45.86,105.1,50.4,97.94,164.1,62.16,44.95,67.56,27.36,86.61,50.28,105.1,40.5,30.16,185.1,31.35,144.9,111.3,168.6,168.8,29.67,26.23,80.11,39.43,102.0,215.6,49.09,29.45,45.35,107.7,135.3,32.13,118.9,147.1,30.97,138.5,182.2,52.34,130.3,32.1,161.1,187.0,43.3,115.0,73.21,138.7,107.2,34.51,111.4,104.9,39.84,10.93,109.0,153.7,28.7,117.2,145.1,158.4,31.4,138.4,40.83,131.7,156.7,118.8,113.8,22.44,127.0,89.97,120.3,50.4,181.0,50.17,30.5,26.31,117.5,138.7,167.2,152.8,93.37,170.4,38.0,175.8,121.8,147.1,144.2,97.3,93.74,103.1,111.1,75.31,38.14,142.9,139.8,115.4,113.6,124.8,24.63,83.86,82.84,248.4,111.8,103.7,157.2,132.5,123.2,120.4,58.04,138.3,145.3,140.7,146.9,114.0,28.07,14.91,93.54,86.76,135.2,278.1,102.3,82.49,126.8,102.0,73.61,186.9,102.8,149.5,169.6,178.0,147.8,128.3,102.8,113.5,159.1,130.0,120.6,31.35,53.13,152.2,153.4,117.8,221.0,86.78,40.39,102.3,68.67,164.2,83.46,93.96,127.3,220.3,38.82,147.3,93.32,190.9,169.9,42.22,133.0,125.0,188.8,174.5,109.8,142.9,188.2,105.0,78.09,140.7,118.8,218.2,182.8,197.5,157.5,133.9,86.09,206.4,57.69,27.41,83.27,77.89,37.68,50.04,152.6,121.2,137.7,89.66,16.81,156.1,57.78,21.7,155.7,142.4,95.66,82.0,125.8,87.48,143.0,116.3,132.1,103.4,137.2,76.08,138.5,102.0,98.25,145.9,170.9,185.0,93.53,48.47,62.05,117.4,91.43,81.41,166.1,105.5,125.7,112.0,156.1,142.6,17.56,119.9,121.7,143.7,156.5,138.9,119.4,69.87,150.1,38.14,168.5,117.0,171.4,82.55,117.8,22.99,46.99,189.6
CASQ2,ENSG00000118729.11,330.2,605.7,858.1,72.97,640.7,495.9,42.9,752.1,370.5,123.1,142.4,73.6,1057.0,598.4,88.17,77.27,579.5,256.6,503.7,172.4,795.6,180.0,85.31,845.1,47.52,760.7,445.6,493.7,355.6,1305.0,1068.0,8.044,74.97,196.0,291.6,170.1,198.0,326.9,1060.0,832.7,193.7,441.8,740.7,1035.0,726.3,570.1,577.7,10.3,577.3,475.2,149.9,925.9,935.4,911.1,21.38,715.4,761.3,92.27,23.58,646.6,146.1,7.597,282.0,194.2,528.2,326.1,108.4,714.0,642.0,442.5,24.37,214.0,78.97,339.2,707.7,996.5,142.1,534.3,649.4,1119.0,827.9,459.8,682.9,146.3,136.8,32.7,396.5,1280.0,119.1,819.8,705.9,58.13,74.35,158.7,34.02,189.7,10.69,707.2,10.01,12.93,208.4,23.86,46.84,156.4,646.9,258.4,21.03,25.96,815.4,436.4,10.76,481.3,462.0,61.2,810.9,711.6,207.1,696.8,535.9,358.2,828.8,6.088,510.5,197.3,121.0,866.1,193.2,1061.0,941.8,131.9,116.9,34.11,576.3,60.63,183.7,673.2,416.0,398.2,38.66,683.3,615.3,73.57,46.22,59.71,1475.0,124.1,86.79,908.1,1205.0,187.5,706.8,844.9,119.1,226.2,24.64,1138.0,136.0,701.3,398.7,597.4,707.7,98.35,119.5,504.8,730.0,346.6,237.5,358.3,495.6,17.21,784.0,648.1,287.7,706.5,579.6,239.9,39.99,31.65,624.0,39.66,774.7,30.3,12.0,110.3,870.9,306.5,116.6,636.8,509.4,187.1,678.3,686.8,614.0,726.7,60.85,557.5,19.48,673.2,55.48,327.5,1185.0,33.96,113.4,168.8,28.18,340.2,120.8,503.9,125.0,66.36,1293.0,14.42,688.7,623.7,82.25,973.7,43.23,26.65,322.1,57.99,286.0,566.1,162.2,90.22,72.54,478.6,591.1,10.43,506.3,1059.0,14.3,500.0,711.9,142.2,695.5,90.41,866.6,1294.0,116.8,49.62,223.8,726.6,277.3,5.507,260.3,340.7,91.95,8.224,57.64,749.0,23.47,445.5,848.2,1099.0,44.85,179.8,46.51,1046.0,589.6,500.2,706.7,29.2,829.5,280.3,847.5,191.6,928.9,162.0,14.27,32.26,378.0,698.4,712.4,413.7,285.3,24.42,168.4,1035.0,540.8,682.2,1275.0,319.6,435.6,462.2,638.2,394.8,18.83,1172.0,896.8,561.6,495.5,330.3,13.51,252.0,196.6,962.6,404.8,397.9,652.2,745.8,445.7,765.7,154.2,812.6,540.3,750.4,889.9,570.6,23.22,21.08,269.0,723.1,724.4,189.7,627.0,391.9,931.0,290.1,133.9,1155.0,747.1,738.0,559.3,490.3,597.3,352.2,427.8,619.3,745.9,624.1,549.0,44.66,122.3,813.2,684.7,317.0,652.1,208.7,47.14,411.5,134.8,767.3,475.1,452.3,317.1,1027.0,131.5,1150.0,138.3,1179.0,1020.0,62.9,568.2,696.1,1289.0,501.7,560.1,904.0,1146.0,323.3,349.5,704.7,615.2,895.4,782.1,808.4,619.9,883.0,455.6,887.3,137.3,27.72,236.7,259.9,59.83,77.31,625.7,396.6,507.2,485.3,6.318,717.0,138.7,58.28,792.1,607.8,655.0,572.2,490.3,273.3,203.6,506.0,714.1,686.1,932.6,297.1,701.5,425.4,345.2,603.6,856.2,908.4,387.3,86.52,330.8,632.9,223.8,342.4,906.8,401.3,796.8,819.7,724.2,797.2,23.48,574.6,821.7,631.5,1035.0,368.4,516.3,315.6,597.0,14.13,767.6,690.3,700.0,188.2,601.0,20.37,116.9,901.7
KCNA4,ENSG00000182255.6,0.8619,0.6386,0.4453,0.1686,2.088,0.309,0.0777,1.78,0.9773,0.466,0.3453,0.1263,2.687,1.592,0.1403,0.1593,0.0902,0.2676,0.2101,0.2303,2.211,0.5527,0.3744,0.6542,0.0506,1.413,0.0801,1.273,0.2516,2.018,1.113,0.0133,0.1334,0.2217,0.3994,0.3675,0.5676,0.6453,1.582,2.997,0.1837,0.8185,0.9219,1.433,0.9335,2.563,1.712,0.0311,1.159,0.9801,0.2261,2.329,1.858,1.963,0.0487,1.366,1.172,0.098,0.0694,3.325,0.1714,0.0,0.607,0.0436,0.7149,0.3649,0.1372,1.141,1.182,1.069,0.0177,0.3053,0.1079,0.169,0.9713,1.31,1.338,0.6653,1.173,2.858,1.008,2.397,2.028,0.5984,0.2608,0.1678,0.3969,2.277,0.1783,2.325,2.039,0.0959,0.3233,0.5359,0.0636,0.3089,0.0356,1.167,0.0,0.06,0.0639,0.0311,0.0552,0.2939,0.7442,0.3611,0.0191,0.0512,1.563,0.3794,0.004,0.7216,1.069,0.0698,0.9065,1.915,0.7517,1.484,1.543,2.385,0.8649,0.0493,0.7997,0.505,0.2642,1.75,0.3684,2.064,2.595,0.4076,0.2008,0.1573,0.824,0.2944,0.5658,1.169,0.3135,0.8852,0.0738,2.636,0.8738,0.1252,0.274,0.1497,3.64,0.8721,0.0352,1.598,0.5717,0.6359,2.689,1.267,0.4467,0.85,0.0209,2.603,0.4097,1.485,0.2393,0.475,3.014,0.1418,0.1418,2.753,2.899,0.5757,0.5132,0.8252,0.3112,0.0731,1.515,1.103,0.5569,2.105,0.6755,0.4322,0.0919,0.0701,1.779,0.1302,1.365,0.0578,0.0198,0.432,0.8575,0.3591,0.1753,0.6426,1.063,0.1168,1.758,2.285,0.8046,2.959,0.1826,1.136,0.0397,1.694,0.4369,1.301,1.298,0.0798,0.1415,0.2897,0.1102,0.9481,0.337,1.137,0.1123,0.2193,3.206,0.0091,1.264,0.7632,1.854,2.256,0.0795,0.0361,0.5517,0.1268,0.4239,2.521,0.2866,0.0865,0.2968,0.9405,1.211,0.0081,2.774,1.867,0.0541,0.8064,1.508,0.4909,2.141,0.0464,2.444,2.01,0.1869,0.0762,0.5781,0.7777,0.5328,0.1417,0.2769,1.012,0.1773,0.015,0.4753,1.53,0.0257,1.226,2.933,2.569,0.1746,0.967,0.0357,1.71,3.939,0.358,2.196,0.0409,2.777,0.2429,1.744,0.4581,1.085,0.0713,0.0313,0.072,0.5729,0.8082,1.352,0.484,0.6569,0.216,0.0963,1.272,1.439,1.624,2.516,0.5913,1.066,1.387,1.561,3.477,0.0155,2.596,1.984,0.7713,0.4046,0.8908,0.1059,0.3991,0.6643,1.508,1.524,0.6308,1.351,1.121,0.9422,1.177,0.4128,3.391,1.09,1.823,3.502,0.7582,0.058,0.0467,0.5661,0.605,1.928,0.4957,1.649,2.017,2.183,0.6933,0.2966,1.36,3.305,2.087,1.025,1.817,1.401,0.3704,0.5109,0.1149,2.253,1.336,1.226,0.2678,0.3331,1.785,1.037,0.3051,0.7242,0.7786,0.0531,0.6336,0.1167,2.24,0.1313,0.4389,0.4122,1.966,0.1281,2.705,0.4703,2.459,2.077,0.0966,1.39,1.89,2.267,1.312,0.2642,2.202,1.621,0.8261,1.036,0.4087,0.4207,1.79,0.9998,1.038,1.17,1.623,0.0891,1.792,0.2136,0.081,0.2945,0.5679,0.1158,0.2627,1.267,0.3998,0.466,2.275,0.0122,1.138,0.1679,0.1727,1.319,1.09,0.7954,0.4402,0.8347,0.2924,4.36,0.7387,1.965,2.235,5.35,0.8234,0.793,0.9596,2.104,1.121,2.092,3.579,0.2981,0.1584,1.695,1.673,0.7459,0.6289,1.095,0.8882,1.487,1.226,1.159,1.892,0.0856,1.872,3.191,3.19,2.027,1.619,1.174,0.4006,0.8817,0.0464,1.872,1.475,1.202,0.1954,1.676,0.0368,0.8163,1.179
KCNJ12,ENSG00000184185.9,2.925,4.222,5.355,0.8857,3.339,7.214,0.9466,6.008,9.197,3.549,1.327,1.226,5.835,6.189,2.239,0.8253,8.636,2.868,5.418,1.759,5.051,1.624,1.824,4.097,0.859,4.702,5.468,4.681,6.452,4.306,5.402,0.8189,1.561,2.292,3.366,2.406,5.391,7.849,6.068,8.544,0.9605,9.237,9.664,3.211,10.05,3.221,5.347,0.4727,5.026,5.481,1.885,5.612,4.626,5.417,0.4968,4.671,3.473,1.492,1.06,4.262,1.173,0.5697,4.702,1.442,4.271,3.626,3.213,4.565,2.812,4.88,1.149,2.387,1.075,4.261,4.615,3.13,2.805,18.81,5.085,9.754,4.645,2.773,3.572,4.077,2.404,0.7231,3.316,4.635,2.553,9.122,5.292,1.289,0.9618,2.006,0.4273,2.577,0.6796,10.29,0.7428,0.5483,0.5422,0.5063,0.965,2.166,5.633,2.046,0.5319,0.9722,5.708,2.998,0.2218,3.423,7.105,1.436,5.389,4.481,3.908,6.127,5.998,6.035,6.436,0.2309,8.686,3.22,2.207,4.794,2.986,15.57,3.811,1.369,1.063,0.5755,4.028,0.486,2.768,8.874,4.688,3.392,1.507,34.41,9.256,2.536,2.372,0.7296,7.134,1.699,1.241,10.09,6.953,2.003,6.282,6.472,7.863,2.116,0.8961,6.039,1.846,4.543,3.676,6.731,5.689,1.62,1.589,6.161,6.035,3.485,3.675,4.359,3.474,1.272,6.42,5.973,3.141,3.928,3.549,1.299,0.7836,0.3666,4.122,0.8218,4.845,0.8559,0.2641,2.15,3.906,3.161,1.128,7.995,8.41,0.9976,5.684,2.013,6.009,5.711,0.9483,5.68,0.7337,3.933,1.98,3.441,7.953,0.8209,2.11,3.87,1.317,3.919,2.798,4.606,0.8507,2.347,6.274,0.7099,5.916,4.205,16.64,3.971,0.7902,0.3098,5.241,1.166,4.144,3.294,2.313,2.249,1.812,5.154,4.133,0.7255,6.043,2.626,0.6627,3.23,9.917,1.854,6.519,1.795,3.88,4.227,3.186,2.095,2.448,6.035,4.157,0.7937,3.46,5.886,1.829,0.2978,8.253,3.875,0.3259,5.533,4.125,4.205,0.8238,6.742,1.019,3.501,6.422,9.316,8.034,0.4648,6.529,3.634,3.558,1.597,6.867,0.8124,0.6382,0.5311,4.952,4.824,5.196,5.971,2.835,2.678,3.452,3.142,6.44,3.659,4.913,2.869,4.399,3.812,5.028,5.821,0.4575,3.808,7.133,5.532,6.998,3.633,0.724,2.129,12.1,4.942,6.242,4.743,3.527,8.658,2.87,4.413,4.546,8.348,3.915,4.566,8.273,6.556,1.547,0.5425,3.1,2.22,5.905,10.66,9.219,17.88,7.56,4.283,2.83,3.789,5.18,14.64,11.12,7.617,3.639,10.56,7.927,2.518,7.756,9.123,8.606,1.2,2.258,9.575,2.279,6.271,8.858,3.922,0.8608,4.88,3.145,10.55,2.959,2.622,2.854,6.765,2.379,9.423,4.736,4.783,9.623,0.7582,3.768,3.501,6.256,6.448,3.298,6.865,5.761,6.762,4.029,3.417,3.787,6.079,2.964,2.37,3.29,9.682,2.886,9.565,8.39,0.8023,2.888,6.685,0.9832,3.089,4.525,3.726,6.362,14.21,0.3638,3.857,3.271,0.8551,6.027,4.789,3.4,2.705,5.172,4.599,28.69,9.669,3.86,5.904,6.286,2.352,5.969,3.323,10.91,2.859,2.989,3.104,6.084,1.06,5.403,8.954,6.319,2.192,3.08,3.83,3.34,4.319,4.608,7.684,0.6938,5.801,5.14,3.493,4.259,3.515,5.97,2.218,9.896,0.2918,4.313,3.374,5.018,2.022,3.637,0.4303,2.559,5.129
PLN,ENSG00000198523.5,903.1,828.4,845.0,133.0,1325.0,953.8,76.09,1640.0,472.0,326.3,266.5,69.08,1110.0,1019.0,218.4,57.49,1055.0,207.8,1469.0,353.3,1099.0,179.2,247.6,975.5,52.9,1492.0,1424.0,827.2,726.3,1137.0,1023.0,16.97,174.6,750.7,960.5,649.9,384.5,533.4,1721.0,854.6,110.2,487.1,1326.0,1119.0,989.3,1034.0,1108.0,9.343,1254.0,1141.0,147.3,793.1,1133.0,1212.0,22.27,808.0,1829.0,280.1,12.96,848.2,116.2,8.289,830.4,189.5,1229.0,281.3,143.1,1092.0,810.6,1446.0,35.78,339.9,92.45,283.1,1119.0,827.6,185.5,1189.0,1295.0,1876.0,1273.0,497.8,1151.0,306.0,208.5,62.54,609.0,1349.0,185.0,833.4,1456.0,75.08,71.36,231.1,17.69,304.5,5.002,1851.0,10.23,7.889,295.6,29.3,42.18,260.9,1028.0,230.5,65.03,24.03,1229.0,1029.0,13.73,1148.0,730.4,83.26,1193.0,1184.0,515.4,1676.0,1100.0,452.4,1644.0,27.83,922.1,263.8,127.2,915.5,382.3,1859.0,2122.0,148.0,59.71,41.29,950.1,28.13,414.2,1084.0,1082.0,723.6,120.4,527.3,800.6,84.47,234.4,51.85,2631.0,139.1,80.82,1911.0,2799.0,373.6,874.2,1764.0,315.0,237.3,29.47,1874.0,196.1,1210.0,468.6,1218.0,2213.0,205.6,214.1,1406.0,1339.0,373.7,662.8,1263.0,547.8,8.2,724.5,1043.0,937.4,1664.0,828.0,890.2,35.87,32.27,1030.0,41.4,1517.0,46.87,30.28,130.8,959.8,747.5,368.7,875.9,790.6,593.0,1430.0,909.1,1790.0,1214.0,271.7,901.2,35.0,1412.0,52.88,1043.0,1246.0,94.43,154.5,198.8,27.03,1130.0,305.6,794.2,80.97,92.2,1574.0,11.88,943.6,1035.0,246.0,1110.0,102.3,15.64,720.6,132.8,672.8,1471.0,293.0,171.4,192.6,1436.0,863.2,8.256,1412.0,1680.0,13.72,906.8,731.2,196.4,1698.0,63.95,1428.0,2019.0,138.6,184.6,783.9,982.4,403.2,8.281,521.1,745.5,74.01,6.98,145.8,1404.0,9.841,1149.0,1674.0,1061.0,73.56,534.9,47.23,1205.0,1086.0,682.0,1074.0,119.6,1302.0,320.3,1258.0,221.9,1229.0,239.6,57.81,29.66,658.2,1106.0,884.3,1447.0,724.7,69.77,96.82,1833.0,1040.0,729.4,1397.0,672.6,1296.0,795.1,1123.0,825.4,15.4,1538.0,1138.0,1813.0,653.6,959.0,23.35,446.8,304.4,1736.0,677.2,458.2,812.0,1381.0,852.0,2047.0,329.3,990.3,809.8,1361.0,1153.0,795.1,76.7,37.63,524.8,717.6,907.9,469.6,791.3,552.5,1927.0,670.5,251.1,1214.0,1208.0,1259.0,947.8,1154.0,1560.0,366.1,559.4,1203.0,1661.0,1479.0,1367.0,63.26,418.7,2100.0,1460.0,1053.0,888.9,282.7,44.76,1072.0,257.4,1063.0,527.0,862.6,471.3,1137.0,230.0,1493.0,257.2,2456.0,1778.0,133.9,1188.0,1376.0,2970.0,1027.0,1163.0,1387.0,1891.0,1012.0,852.6,1353.0,1022.0,1664.0,1228.0,1759.0,1054.0,1492.0,861.7,1971.0,238.6,28.39,766.6,385.4,37.18,150.2,1339.0,928.4,1598.0,1077.0,5.45,1069.0,214.8,43.77,1186.0,1646.0,796.7,1109.0,1382.0,513.7,187.9,792.8,1016.0,1122.0,3210.0,440.9,1124.0,788.1,262.7,1079.0,1276.0,1151.0,948.2,69.71,477.9,1470.0,566.1,778.5,1514.0,1170.0,1308.0,1358.0,1546.0,1503.0,54.56,1189.0,1326.0,1209.0,1376.0,489.9,914.6,647.6,1008.0,15.63,1157.0,1498.0,1355.0,578.5,1370.0,25.76,80.07,1332.0
SCN1B,ENSG00000105711.11,12.63,5.931,6.776,1.812,14.21,11.76,1.899,15.61,3.1,9.616,3.841,2.472,10.38,15.97,5.32,4.492,10.45,12.53,10.52,4.061,15.04,6.753,6.832,7.384,2.405,8.948,8.056,7.042,19.71,12.96,19.25,4.203,3.564,3.502,6.109,5.329,8.729,19.23,11.76,8.565,6.658,14.67,20.14,14.73,11.77,11.83,12.71,0.7486,8.051,13.37,3.696,23.11,10.05,13.09,0.7403,6.385,14.58,5.322,1.522,14.14,5.936,0.2926,10.04,16.4,10.87,8.331,5.642,9.333,9.618,12.2,3.527,5.576,2.496,8.781,6.222,14.88,9.613,12.28,9.148,11.93,8.949,7.692,12.05,22.39,5.206,5.792,10.46,15.16,6.149,26.26,9.812,2.422,2.736,6.472,2.101,14.45,0.6937,16.92,0.6111,0.4328,12.46,0.9387,1.743,7.12,7.716,16.56,1.424,1.462,11.86,7.784,0.5927,10.72,13.0,3.459,12.11,8.796,19.81,10.93,8.896,7.133,8.235,0.3112,8.093,3.751,3.691,14.62,4.939,7.705,8.907,5.27,3.943,2.464,11.35,2.417,7.579,13.2,7.877,9.4,3.518,9.714,9.2,6.086,13.71,3.127,17.61,7.069,2.455,31.47,19.12,4.93,23.34,15.47,16.01,20.57,1.938,26.62,4.459,11.52,9.758,12.83,8.169,4.894,7.099,15.91,8.802,7.823,7.869,12.93,8.695,0.9762,13.29,11.08,4.566,19.95,7.935,3.907,3.02,1.08,19.55,2.353,18.29,1.257,0.6664,8.119,7.945,6.186,2.49,8.909,19.84,3.908,16.7,10.17,12.24,27.82,1.772,4.623,1.896,7.688,6.861,13.22,14.79,1.897,5.588,10.51,2.141,12.06,9.314,15.26,3.081,4.557,8.746,0.7722,10.59,6.99,6.459,12.28,1.826,2.32,9.3,1.783,7.968,6.779,6.333,7.376,4.854,7.265,17.47,0.696,19.61,8.466,1.194,6.461,10.04,3.616,13.23,2.415,16.87,14.26,6.292,5.308,4.798,9.538,6.569,1.104,10.34,16.31,4.641,0.6088,3.905,5.395,0.6015,17.5,18.32,13.41,3.077,19.69,3.793,11.02,22.61,29.66,7.241,0.7565,8.334,9.965,13.18,6.443,14.44,7.616,0.9065,0.9803,31.83,8.388,11.64,10.98,4.961,20.85,13.36,10.01,21.08,6.613,25.26,7.007,12.17,10.73,10.31,16.41,0.6484,20.46,10.02,13.95,9.939,10.31,0.898,5.818,14.44,13.64,11.25,8.123,5.502,7.255,4.533,10.48,7.156,12.02,25.0,7.868,14.52,8.023,3.221,1.868,13.32,2.801,11.02,14.59,8.711,9.716,10.19,9.196,4.311,6.436,9.617,9.733,18.22,16.28,8.88,34.53,12.08,5.891,11.66,10.84,10.59,4.514,5.915,9.302,5.172,8.018,8.085,13.64,2.991,8.214,4.636,8.84,8.39,5.359,6.877,9.434,4.217,9.771,6.631,4.816,12.39,1.114,8.736,4.627,13.23,11.13,17.73,12.68,10.62,12.24,10.53,9.066,6.954,10.45,11.67,6.044,6.237,10.95,7.381,20.73,17.88,1.083,6.96,14.57,1.934,4.774,13.57,12.37,11.94,15.56,0.9484,6.857,19.8,2.01,13.41,7.156,9.214,11.14,9.913,7.371,6.974,8.694,13.06,15.63,10.47,7.656,10.23,6.622,3.79,5.815,10.48,7.278,8.906,1.439,10.33,13.97,8.927,10.41,8.992,9.124,14.95,8.387,6.651,16.34,3.41,21.35,8.488,10.01,7.292,2.792,7.882,7.84,11.89,0.7642,16.62,21.27,11.58,5.169,9.013,1.201,9.861,14.76
CACNA1G,ENSG00000006283.17,0.6516,0.1411,0.1165,0.0219,0.0576,0.0469,0.0347,0.1834,0.0194,0.0798,0.3479,0.013,0.1551,0.0592,0.3226,0.0138,0.0503,0.0861,0.3884,0.1413,0.0305,0.0536,0.0026,0.0426,0.0242,0.1548,0.5121,0.1167,0.0561,0.2377,0.0382,0.0386,0.129,0.2396,0.3868,0.225,0.1167,0.1058,0.0896,0.0414,0.1306,0.0856,0.074,0.0234,0.0952,0.1016,0.0528,0.0185,0.0699,0.056,0.07,0.0174,0.0451,0.0382,0.0724,0.1875,0.0335,0.238,0.0266,0.1171,0.042,0.0059,0.1453,0.0389,0.0532,0.0175,0.0385,0.0721,0.0762,0.4297,0.0396,0.0751,0.0421,0.0108,0.0112,0.2007,0.0178,0.0585,0.1138,0.1999,0.1896,0.017,0.0191,0.044,0.0649,0.0134,0.018,0.2786,0.025,0.1966,0.0773,0.0428,0.024,0.1029,0.0047,0.0104,0.0053,0.4385,0.0263,0.0124,0.0104,0.0092,0.0062,0.0828,0.2732,0.0308,0.1135,0.0137,0.0119,0.2434,0.0072,0.0319,0.0186,0.0503,0.0213,0.0719,1.006,0.1561,0.0281,0.0233,0.1354,0.01,0.0771,0.2462,0.0219,0.0477,0.1578,0.1812,0.1985,0.045,0.0051,0.0,0.1371,0.0138,0.1716,0.0258,0.2737,0.0578,0.0714,0.1153,0.2306,0.0789,1.401,0.0301,0.3708,0.0672,0.0472,0.2466,0.086,0.0583,0.0262,0.0297,0.0596,0.2918,0.0186,0.0566,0.1786,0.0678,0.2471,0.1264,0.0172,0.3248,0.0387,0.0771,0.094,0.0997,0.2162,0.0664,0.2738,0.0522,0.0209,0.0511,0.218,0.0637,0.0379,0.0357,0.0869,0.0261,0.5753,0.0596,0.1263,0.0172,0.0103,0.0451,0.0655,0.2115,0.2278,0.1243,0.0672,0.3128,0.0201,0.0424,0.4439,0.2182,0.079,0.04,0.0177,0.1874,0.204,0.1672,0.1931,0.2001,0.0428,0.0823,0.0151,0.6278,0.0243,0.0815,0.0286,0.0224,0.126,0.0061,0.0743,0.1648,0.2623,0.1156,0.1605,0.008,0.1542,0.0478,0.129,0.1644,0.0532,0.0043,0.0252,0.0808,0.1711,0.0108,0.0658,0.0175,0.0121,0.4429,0.1941,0.1144,0.3761,0.0276,0.0377,0.1193,0.0213,0.3513,0.1916,0.037,0.071,0.0158,0.0302,0.0475,0.0308,0.0118,0.0,0.1192,0.0172,0.0707,0.2114,0.0193,0.1169,0.0207,0.1197,0.0382,0.0288,0.1342,0.0527,0.0402,0.0486,0.0112,0.1406,0.0077,0.0421,0.0159,0.0512,0.0341,0.0724,0.062,0.0127,0.2257,0.0129,0.2121,0.0,0.059,0.0191,0.0564,0.046,0.0714,0.051,0.0198,0.1153,0.1334,0.0277,0.3261,0.0283,0.1645,0.1888,0.2306,0.0273,0.1116,0.1007,0.0169,0.0278,0.0547,0.0858,0.032,0.0331,0.206,0.0583,0.0565,0.041,0.088,0.169,0.0715,0.2867,0.0284,0.1328,0.0924,0.0419,0.2212,0.1617,0.0332,0.0389,0.0131,0.2316,0.1335,0.2189,0.1131,0.0514,0.0203,0.0945,0.0864,0.0147,0.2845,0.0636,0.106,0.2825,0.0239,0.0204,0.1021,0.1583,0.2537,0.3448,0.0183,0.0995,0.2227,0.0412,0.1187,0.0146,0.136,0.2446,0.0449,0.0295,0.0487,0.089,0.162,0.0484,0.1958,0.2089,0.1349,0.0799,0.0318,0.0842,0.0924,0.0869,0.197,0.0396,0.1729,0.1781,0.0377,0.0484,0.0837,0.038,0.0213,0.1292,0.2195,0.0265,0.0222,0.1467,0.0268,0.0276,0.1417,0.0334,0.0731,0.3204,0.0818,0.0,0.2621,0.0392,0.0242,0.0344,0.1478,0.0638,0.1205,0.3139,0.0384,0.2384,0.006,0.06,0.0342,0.0131,0.0875,0.0815,0.1045,0.0229,0.0503,0.0398,0.0293,0.2343,0.0737,0.1758,0.0949,0.2118,0.1782,0.0162,0.1559,0.0637,0.3122,0.0676,0.2052,0.0236,0.0134,0.0408,0.057,0.0459,0.0176,0.0855,0.1265,0.0311,0.0276,0.0677,0.0474,0.0366,0.2242,0.1611,0.062,0.0402,0.1264
CACNA1H,ENSG00000196557.12,7.106,5.562,6.023,4.922,4.068,5.826,1.906,5.384,5.684,3.995,3.553,2.373,5.897,6.775,13.32,3.287,5.039,9.976,3.714,2.488,5.912,4.03,4.792,4.847,2.533,5.615,6.281,2.643,7.618,9.438,4.24,10.36,2.413,7.252,9.413,5.027,6.667,5.413,9.334,7.251,3.835,2.959,4.707,5.417,6.092,2.448,5.08,1.292,7.251,3.412,1.811,6.35,5.245,6.086,1.681,6.325,5.054,3.158,3.198,9.017,2.596,2.307,5.882,5.577,6.712,1.287,5.121,6.183,7.093,7.022,2.717,4.462,2.556,2.257,5.481,7.175,3.964,3.328,3.743,3.787,7.245,5.647,4.633,6.473,6.864,1.466,4.761,10.17,4.461,7.632,4.648,0.9768,3.962,5.862,2.449,12.37,2.02,3.732,4.137,1.553,5.979,4.738,2.075,3.511,5.749,8.255,1.987,1.133,5.263,3.93,0.7492,7.677,4.103,2.908,4.399,3.731,15.68,3.218,3.477,7.852,6.373,0.6546,3.067,4.018,1.089,6.222,4.784,3.103,2.843,7.766,2.148,0.4198,7.88,2.183,4.231,2.213,6.428,4.427,3.273,9.17,5.701,5.324,14.22,2.059,2.919,8.056,1.814,10.6,4.886,2.787,11.93,7.319,6.156,12.34,1.294,2.474,3.416,7.502,8.395,4.288,7.801,4.911,7.547,11.04,5.297,5.342,4.987,6.664,11.19,5.421,8.473,4.058,7.376,10.03,4.171,5.421,6.144,2.194,6.462,3.412,4.677,1.708,1.473,5.703,4.67,2.345,3.767,5.056,7.127,5.828,5.545,3.824,6.499,16.28,3.96,6.612,2.882,2.443,7.223,9.739,5.083,5.632,5.57,2.623,1.715,5.574,3.85,3.796,1.835,2.953,5.857,6.498,6.76,8.524,12.97,7.294,4.743,1.118,4.611,4.462,5.55,6.568,3.701,4.136,8.943,6.174,7.566,0.926,10.26,5.034,3.159,7.107,8.181,2.365,5.668,4.646,7.269,7.811,3.878,28.06,2.356,4.213,6.868,2.636,9.61,6.692,5.008,1.148,5.317,5.004,2.299,4.305,7.8,3.608,4.578,6.217,2.376,5.789,7.152,9.066,6.236,2.461,4.53,7.649,7.03,6.628,6.285,1.273,1.669,2.045,8.534,8.086,4.087,4.05,2.399,31.87,10.53,3.756,9.421,7.581,9.361,4.266,4.019,5.858,7.399,5.681,0.6753,5.029,5.646,1.725,7.774,9.159,2.764,8.018,10.1,4.112,5.968,7.203,5.596,2.928,2.791,4.304,3.342,6.306,10.95,3.326,8.195,5.439,2.205,2.715,17.06,1.656,5.582,12.31,4.314,6.385,3.167,6.159,6.464,7.762,4.184,5.491,5.593,9.283,3.935,6.417,8.801,2.977,4.031,3.78,5.142,3.286,2.153,3.187,3.052,3.58,9.004,10.73,2.552,4.518,8.322,5.631,4.956,4.704,4.229,3.871,1.957,7.575,6.847,3.299,7.949,2.124,6.006,5.404,4.895,5.695,7.698,6.14,6.013,8.403,4.565,3.687,5.839,3.888,4.181,3.584,6.652,3.043,4.331,5.662,8.04,1.894,8.638,7.153,2.024,10.09,6.275,11.85,5.357,3.339,2.95,10.19,3.204,1.511,7.172,4.711,6.095,7.441,3.07,9.055,16.49,3.67,5.034,3.227,2.191,5.801,5.038,2.903,4.881,5.425,4.265,8.985,4.582,3.614,6.17,5.006,9.097,4.067,3.989,2.352,5.083,4.06,4.562,2.801,2.538,4.262,4.636,4.402,5.546,6.534,2.578,6.556,6.233,2.635,4.219,6.245,4.247,3.55,7.341,2.909,12.08,7.874
GATA4,ENSG00000136574.17,43.44,43.73,51.35,15.94,46.38,56.88,10.14,72.91,36.6,36.32,18.74,12.43,67.91,50.52,39.92,8.655,78.06,42.45,62.46,28.66,54.03,31.31,24.34,61.92,8.665,61.37,53.24,64.54,76.25,55.73,43.42,8.988,20.8,27.89,54.59,39.18,46.11,65.36,59.92,60.29,15.89,58.06,87.04,59.77,57.46,49.01,51.07,2.731,41.39,52.57,23.94,54.37,44.08,59.74,4.219,51.68,66.64,28.17,4.744,57.03,17.31,1.848,50.4,24.97,48.51,24.49,26.1,62.15,45.2,67.5,6.31,30.66,11.82,66.23,47.29,56.9,22.53,140.6,69.46,75.39,52.95,58.45,50.75,34.95,25.95,17.54,29.13,58.59,27.85,71.51,58.48,10.95,11.38,25.2,3.949,20.52,1.336,85.82,3.042,1.539,49.12,3.369,8.08,31.83,65.83,39.55,4.187,4.976,44.46,50.46,1.342,46.76,47.09,13.98,44.92,46.69,45.07,38.29,45.62,63.67,68.62,1.672,41.29,34.29,15.95,58.27,38.38,56.31,69.14,22.29,11.09,3.413,50.17,7.039,37.78,67.99,38.64,37.55,15.93,51.73,59.84,22.3,27.6,6.57,75.34,14.37,16.95,74.35,83.78,27.92,52.47,64.94,42.77,52.21,5.661,62.46,22.35,64.08,48.56,55.15,58.65,19.88,26.0,80.34,56.06,45.44,39.18,49.42,44.21,4.162,46.32,56.0,41.68,66.03,44.42,39.13,8.982,5.502,47.07,5.222,59.07,6.387,2.786,17.88,45.56,45.83,28.71,45.68,54.01,31.73,50.97,45.66,120.4,72.77,14.35,60.37,6.461,52.65,16.24,36.62,64.9,10.39,20.47,31.87,5.4,72.37,20.74,58.94,7.915,19.61,60.88,3.574,46.79,42.08,22.98,57.84,11.03,3.948,57.19,13.49,59.11,59.77,25.44,24.23,15.82,46.87,47.57,3.361,61.75,48.97,3.481,28.68,66.71,23.92,68.38,14.85,53.94,58.09,21.83,18.52,33.13,49.81,42.86,2.091,48.07,48.2,9.953,1.972,23.16,61.15,2.267,56.12,59.0,48.22,12.06,34.89,6.054,56.86,49.36,108.8,46.6,6.971,38.19,30.39,47.91,17.67,78.44,40.27,5.119,5.38,42.77,55.16,54.34,64.77,35.0,10.63,44.68,40.99,52.43,46.48,83.15,35.75,48.65,32.41,59.57,52.22,3.752,49.13,54.28,59.44,54.11,47.85,3.505,38.47,29.84,46.27,45.29,36.41,43.73,29.26,31.13,50.69,23.94,61.41,49.11,55.39,62.81,59.89,12.08,11.0,35.89,27.16,40.84,61.07,51.23,31.24,59.35,38.51,35.58,54.35,59.82,48.73,55.55,64.82,40.58,99.31,38.12,74.9,55.33,60.39,62.8,13.5,22.65,59.13,37.39,50.26,75.29,32.74,10.09,48.03,21.53,84.25,66.95,42.59,21.65,49.34,20.48,84.35,31.72,43.63,61.89,9.615,75.19,41.82,71.12,56.25,66.45,64.37,62.32,53.76,35.96,32.64,39.27,49.93,35.46,41.47,44.46,61.43,76.34,67.52,75.3,3.911,46.52,27.07,5.408,32.18,66.08,44.86,49.85,54.9,2.554,53.62,56.32,5.532,48.68,60.25,38.29,42.39,60.46,31.31,33.42,62.59,52.07,41.53,70.66,34.25,40.38,38.29,27.74,45.08,45.2,51.01,51.08,7.075,43.51,67.5,62.25,50.66,61.94,49.16,52.0,57.75,54.32,60.98,5.037,42.98,52.21,51.97,59.41,50.42,46.52,32.65,82.0,3.042,60.56,56.09,51.27,38.78,55.3,5.672,20.16,56.01
GJA1,ENSG00000152661.7,93.04,60.74,79.76,29.97,148.4,78.91,8.834,182.0,87.65,54.27,40.37,34.46,90.24,103.6,34.95,26.29,57.81,73.99,122.8,58.71,126.6,36.67,72.6,81.05,17.8,100.5,140.8,102.7,20.19,57.75,88.92,15.19,36.4,52.17,67.81,84.59,38.38,30.61,140.8,86.54,24.9,49.02,115.5,129.2,63.29,119.2,126.4,7.711,145.7,75.84,34.81,49.84,213.8,94.99,10.13,68.22,112.9,44.34,13.28,129.3,50.93,12.21,84.44,70.24,131.8,20.79,26.27,92.9,107.3,135.3,22.61,37.22,14.1,41.82,133.6,79.4,10.4,68.24,103.9,304.3,108.1,100.7,157.7,22.26,38.87,21.27,32.2,103.1,19.98,89.03,133.4,19.01,24.78,32.99,35.48,42.81,2.23,87.8,7.17,6.295,34.02,11.85,9.057,47.45,148.5,43.23,7.448,15.21,87.19,98.71,11.03,104.0,53.26,32.18,119.6,83.0,104.3,71.41,130.5,81.18,193.8,11.39,68.48,50.91,29.29,146.6,61.02,81.34,169.5,18.94,20.6,16.78,79.7,10.96,33.7,78.71,86.29,58.62,13.99,77.51,116.4,21.33,107.1,18.96,252.8,23.47,25.44,140.4,163.2,65.5,61.91,137.9,29.93,74.75,9.108,271.7,40.11,76.55,71.33,105.6,151.0,34.42,39.43,140.2,163.7,46.27,48.83,70.87,62.18,12.38,70.39,94.58,104.3,111.9,48.83,50.4,8.426,16.7,56.53,19.69,157.7,14.81,13.74,23.05,135.1,75.77,51.13,68.43,36.34,57.83,150.7,104.8,135.4,82.54,29.18,100.9,22.66,106.7,44.2,55.05,146.2,19.65,22.77,33.57,14.56,47.87,21.6,126.9,16.49,24.16,163.9,6.102,97.91,136.2,57.26,89.63,15.82,40.9,87.99,17.57,70.02,129.3,49.01,29.17,28.01,144.3,47.06,19.83,166.3,144.2,7.84,60.1,64.49,28.16,118.6,11.76,164.2,146.4,14.87,30.85,67.06,50.28,49.12,12.78,44.24,44.12,24.72,4.973,63.36,172.8,5.948,73.75,128.1,49.24,20.58,58.37,14.11,156.4,120.2,36.46,64.1,7.889,77.28,38.11,128.9,30.02,97.92,31.51,10.49,12.28,38.26,105.1,50.04,108.9,67.83,174.0,29.48,139.5,69.14,84.59,74.17,80.95,194.4,42.52,123.7,97.46,7.685,108.5,134.0,141.9,36.34,62.32,7.265,76.66,26.39,97.09,51.0,31.0,92.32,94.03,70.5,209.9,41.79,67.01,55.35,139.4,149.0,75.32,15.92,22.33,27.3,86.03,116.9,92.27,121.6,33.39,189.3,42.43,49.91,142.8,176.0,128.6,74.28,81.29,125.0,43.08,65.89,52.03,163.6,90.51,123.5,15.27,21.23,314.7,132.8,97.21,106.1,42.26,16.37,109.1,21.33,95.01,48.2,64.12,37.71,96.12,45.88,161.7,48.72,263.1,96.53,19.7,108.4,157.0,207.0,94.7,67.95,132.6,125.2,87.08,104.5,152.7,83.4,81.34,112.0,177.8,86.55,105.6,46.95,196.8,38.11,11.35,65.0,32.28,14.13,35.12,146.7,83.55,147.2,134.0,4.314,111.9,53.96,14.01,91.71,140.9,106.0,68.37,98.55,54.05,55.72,97.7,41.7,138.4,296.0,90.59,97.32,78.44,65.69,120.0,86.75,160.7,98.32,26.26,52.21,179.0,45.39,97.41,132.0,72.82,123.3,119.5,161.7,181.1,12.39,69.33,144.8,71.09,94.94,50.42,76.28,53.86,113.3,15.63,95.46,82.4,111.4,30.67,201.3,12.06,27.29,151.8
GJA5,ENSG00000265107.2,11.73,5.034,6.382,2.548,16.2,4.1,1.786,13.44,4.421,1.784,2.35,4.309,3.839,29.28,2.536,3.484,3.274,18.41,1.044,2.66,10.11,5.83,2.597,3.432,2.093,6.454,3.086,4.729,2.76,10.41,22.01,6.109,2.39,1.39,5.94,0.6649,4.351,16.68,5.981,7.254,2.915,3.578,3.192,10.38,7.004,25.22,7.331,3.483,3.883,3.573,2.161,8.425,6.214,4.752,3.017,1.03,4.288,2.976,1.039,7.518,2.661,3.588,4.085,6.642,4.381,1.49,4.207,6.615,11.75,0.7643,3.939,1.953,3.235,4.729,3.935,41.04,2.555,2.353,3.498,2.704,4.374,11.96,2.787,5.178,1.346,2.277,2.119,15.96,5.351,58.67,4.398,2.348,5.97,3.112,6.767,10.06,1.075,1.589,1.609,3.078,4.104,6.66,1.669,5.683,4.075,16.8,3.141,4.203,1.933,1.858,2.887,4.868,7.063,7.927,4.399,3.824,9.979,4.745,3.034,11.34,7.399,3.216,3.149,3.046,4.675,9.858,4.296,2.237,9.56,4.692,5.22,3.411,8.491,4.574,4.385,3.506,1.22,4.74,3.226,10.81,6.279,13.4,1.433,2.07,69.03,4.579,4.008,18.88,4.62,7.332,22.61,5.116,3.31,4.367,1.585,4.343,4.736,6.839,4.118,3.284,4.711,6.55,4.863,13.37,29.13,8.662,1.357,3.732,7.876,4.944,10.9,4.095,2.765,39.33,2.605,2.977,1.331,2.971,49.33,4.315,13.03,6.39,2.573,9.436,6.407,3.422,5.713,4.186,12.97,2.931,21.98,4.684,2.856,12.64,5.209,10.43,6.319,1.825,7.861,3.497,4.004,3.839,2.246,5.643,4.439,5.774,0.9667,6.522,3.771,1.938,2.603,5.102,42.38,2.985,11.33,20.42,2.681,1.485,3.47,4.518,1.643,5.425,1.565,3.064,4.037,8.354,6.875,4.95,17.35,4.281,7.59,6.834,10.0,3.654,27.88,2.755,19.13,15.29,2.648,15.4,0.632,3.413,6.318,7.725,3.62,2.21,5.733,1.66,37.5,4.445,1.965,5.907,44.79,4.342,2.823,8.508,4.668,3.556,29.68,2.072,11.6,1.957,13.69,5.202,25.14,5.638,4.634,3.82,2.89,3.957,4.228,5.37,18.66,1.678,1.969,10.52,1.017,7.859,15.36,6.523,27.4,2.794,4.068,1.973,10.29,29.89,5.43,36.6,12.51,2.511,5.336,5.64,4.481,4.572,1.583,5.168,10.63,6.208,2.664,3.096,2.606,4.783,6.29,15.15,19.29,3.545,21.32,4.691,2.679,2.642,2.866,5.545,12.86,15.21,5.723,6.784,4.458,5.119,4.59,8.962,27.42,4.53,12.05,5.023,12.89,5.141,7.8,7.988,5.349,4.466,3.382,7.277,3.164,5.897,3.541,1.341,16.34,8.236,2.76,1.646,1.539,3.678,6.211,4.862,5.086,5.939,3.322,28.03,2.529,4.979,6.181,3.264,1.067,5.023,4.79,8.982,8.78,5.397,12.54,7.378,3.692,3.123,3.398,7.087,8.175,9.794,4.879,2.588,3.623,7.067,4.212,3.022,0.9886,5.134,5.29,6.136,4.608,6.891,1.758,5.164,6.385,5.634,3.616,2.422,4.328,6.3,2.52,4.442,7.006,3.327,13.82,4.101,3.49,30.3,2.71,6.575,9.105,3.376,5.734,4.235,4.774,6.49,1.285,4.467,6.699,8.829,7.456,20.97,4.509,0.4922,8.064,3.967,2.654,2.822,2.462,3.024,6.495,21.09,20.69,3.368,2.709,3.702,7.737,4.91,4.131,10.98,4.378,0.7765,4.459,1.725,6.184,13.06
GJC1,ENSG00000182963.9,5.471,3.482,5.184,3.631,2.698,3.134,1.569,5.135,11.59,2.084,1.837,2.743,8.393,5.78,2.118,1.897,3.787,4.024,3.144,1.643,5.492,3.28,2.436,5.07,1.398,4.878,4.249,3.546,4.27,8.841,3.87,2.662,1.548,4.35,4.001,3.998,2.55,3.391,8.82,12.16,1.411,2.159,2.596,5.761,6.021,2.707,4.102,1.508,3.218,2.492,1.451,5.282,5.297,5.643,1.844,4.102,4.283,1.885,1.466,4.14,2.028,1.249,4.282,1.762,3.28,1.248,2.495,3.741,6.155,4.011,1.033,4.404,3.304,1.807,3.224,5.277,1.503,5.435,3.402,5.039,5.331,8.763,4.975,3.105,3.57,0.5483,2.441,9.07,1.863,6.719,3.75,0.7179,2.783,2.573,1.134,4.286,0.8778,3.766,1.414,1.174,2.993,2.078,1.495,3.307,3.421,3.022,1.17,0.9087,4.359,3.133,0.8924,3.684,4.168,2.537,5.539,4.343,13.88,3.269,3.755,12.78,4.112,0.4666,4.032,2.685,1.589,6.744,3.976,9.401,5.123,4.512,1.379,0.6958,4.797,0.9306,3.59,2.869,4.374,2.765,1.705,13.2,3.828,2.527,6.081,1.556,4.42,3.641,1.729,15.49,6.662,3.537,4.866,5.247,5.177,3.692,1.473,6.908,2.416,4.41,4.741,3.383,8.075,3.127,5.355,9.518,5.826,4.993,4.523,2.953,6.44,3.042,6.362,4.599,5.033,5.295,2.789,4.466,1.58,1.461,4.565,3.023,3.245,1.868,1.51,2.593,3.855,3.317,3.11,7.263,4.615,3.105,3.733,2.94,3.167,5.77,1.16,9.099,2.45,4.538,4.515,4.987,5.42,4.147,3.118,2.66,1.918,1.961,1.433,4.425,1.58,1.498,7.267,1.868,5.399,3.308,12.09,5.917,3.529,0.3801,3.152,2.56,3.904,9.533,1.444,1.31,2.02,4.225,6.772,0.7804,7.043,8.61,1.807,4.906,6.809,2.928,5.85,1.274,5.112,9.361,1.642,5.99,4.067,4.251,5.027,1.835,2.817,2.969,2.778,0.8984,8.699,3.919,1.292,2.844,4.979,4.966,2.297,4.85,1.582,4.26,7.057,4.048,5.801,1.569,7.667,4.481,3.904,3.954,5.838,2.491,1.656,1.502,1.614,5.649,4.128,3.038,4.237,11.12,1.949,4.085,7.101,5.63,6.257,2.72,2.875,1.613,5.656,1.955,1.112,5.764,4.108,2.536,2.802,7.298,1.39,4.46,3.03,6.709,6.067,3.097,5.089,3.558,3.036,4.292,3.161,8.052,7.718,3.901,6.176,4.706,0.9031,0.6997,3.259,2.289,3.991,11.02,6.455,7.146,5.243,6.062,5.878,8.804,6.516,4.518,9.932,8.476,4.737,3.845,3.824,3.564,6.067,5.998,5.869,2.516,3.68,5.618,4.386,2.304,10.04,6.23,2.377,2.448,3.672,7.059,3.175,3.364,2.173,5.596,2.8,5.772,5.543,7.152,7.109,2.279,6.736,4.699,8.828,5.874,3.099,4.815,5.374,4.809,4.985,6.484,3.804,7.784,7.641,6.339,7.637,2.818,3.903,5.881,4.058,1.602,5.572,5.339,1.646,2.71,9.455,4.622,3.992,4.754,1.932,6.144,3.094,1.554,6.25,3.959,2.637,3.515,2.711,3.47,17.72,3.198,2.957,3.039,4.096,3.923,5.434,3.205,8.37,5.185,6.48,12.94,2.238,3.444,3.291,4.506,3.216,2.469,5.214,3.261,4.308,4.027,4.826,4.657,1.113,5.304,6.84,4.577,6.927,9.244,2.895,2.09,4.504,2.175,5.809,5.454,3.731,3.118,4.806,1.746,3.771,5.478
HCN4,ENSG00000138622.3,3.796,3.244,3.934,0.7041,4.68,3.782,0.8681,6.592,3.151,1.553,1.567,0.7807,8.424,7.988,1.126,1.169,2.773,1.781,3.379,0.5948,5.645,1.172,0.7321,1.155,0.7977,4.681,3.371,1.126,1.465,3.751,2.455,0.1003,0.8032,0.9144,1.907,1.933,1.518,4.005,6.793,5.622,0.4502,4.309,5.955,1.816,3.483,5.746,4.333,0.0693,1.86,2.544,1.494,2.813,3.837,5.171,0.2731,2.74,2.272,1.579,0.0576,2.474,0.5102,0.056,3.943,0.141,3.791,3.792,1.108,2.767,3.491,2.975,0.144,1.689,0.4358,0.5186,3.528,6.625,0.4367,8.653,3.228,3.035,1.956,7.24,2.557,1.5,1.047,0.4945,4.088,5.042,0.4938,12.9,2.929,1.288,0.3127,1.079,0.0461,1.854,0.023,4.277,0.0683,0.1286,0.0674,0.1051,0.4217,1.338,4.754,2.585,0.2805,0.2796,1.276,2.388,0.0279,3.659,7.434,0.5207,3.043,1.423,3.601,1.562,3.324,14.38,11.31,0.0286,3.776,6.462,0.6989,4.071,2.42,12.49,15.28,1.251,0.353,0.3286,3.326,0.3537,3.853,3.802,2.413,4.804,0.4999,6.96,10.99,1.231,0.318,0.7755,11.53,0.5293,0.4441,16.15,7.632,3.006,3.511,6.339,2.726,0.662,0.7388,4.567,0.5084,1.831,2.587,6.575,4.807,1.251,1.514,7.931,6.776,2.598,2.121,6.106,3.117,0.0255,2.698,5.293,3.317,7.258,1.763,0.6627,0.452,0.5766,3.92,0.4119,2.209,0.7126,0.0614,0.775,0.9788,4.985,1.667,6.098,4.776,0.8283,7.027,5.197,4.603,5.128,0.7816,11.55,0.2572,3.757,0.6908,1.716,5.049,0.2923,1.719,1.609,0.1476,3.435,1.041,2.112,0.4353,0.2764,1.585,0.1708,5.613,2.527,8.376,5.46,1.1,0.2669,4.079,0.7477,1.618,9.149,3.206,0.8559,0.2379,1.457,3.379,0.2067,5.51,5.087,0.0444,2.301,9.319,1.004,3.953,0.3072,2.62,7.406,0.6637,0.3684,2.484,3.21,1.075,0.3434,0.7356,0.1975,1.092,0.0437,3.135,6.429,0.3259,1.762,7.907,2.218,0.7139,2.776,0.204,3.283,3.062,3.038,7.811,0.2519,5.002,2.907,2.735,0.9695,3.426,1.356,0.3115,0.5851,0.5043,5.394,8.613,2.143,2.083,0.0439,0.5589,3.426,6.52,2.793,5.331,5.528,3.778,1.715,4.3,2.141,0.198,4.7,3.164,9.289,5.128,3.057,0.0323,3.76,1.491,1.713,4.978,3.259,3.519,1.455,4.27,5.571,2.76,11.91,3.899,2.899,15.42,4.909,0.9222,0.2416,0.7034,3.87,7.368,5.22,3.546,6.191,3.793,1.071,2.699,5.951,5.505,4.814,5.606,6.626,2.009,1.334,2.277,1.647,5.636,7.507,7.497,0.9635,2.566,10.85,4.583,4.913,13.56,3.778,0.336,2.62,0.8296,7.247,0.6224,4.193,2.446,2.719,2.779,13.7,1.985,5.891,7.348,0.2578,5.645,4.009,7.237,5.657,1.709,7.276,3.307,3.271,2.225,6.001,4.771,4.393,3.02,4.827,5.553,6.524,0.656,4.484,1.217,0.2964,2.071,7.367,0.9053,0.4869,6.672,3.192,6.803,4.432,0.0565,4.084,0.5428,0.4039,3.416,2.939,1.421,5.286,5.652,3.07,2.542,2.49,1.45,5.966,5.363,2.862,4.979,2.737,5.902,5.1,3.123,14.54,2.448,0.6651,2.259,10.1,1.426,4.137,3.371,3.722,1.933,4.721,3.117,6.792,0.227,3.846,4.229,1.248,8.782,6.185,6.482,2.019,4.602,0.0561,3.6,2.117,1.252,3.243,5.705,0.268,0.3581,3.795
MYL2,ENSG00000111245.14,13830.0,15580.0,21240.0,5307.0,15200.0,9693.0,2953.0,31870.0,10300.0,8647.0,9181.0,5395.0,33120.0,21750.0,7464.0,7509.0,7908.0,14710.0,26890.0,9276.0,14810.0,15290.0,7518.0,42480.0,5105.0,20570.0,19980.0,44240.0,27450.0,27910.0,17730.0,383.9,4779.0,12660.0,21600.0,10160.0,18200.0,23850.0,26960.0,28620.0,6339.0,7512.0,37250.0,34820.0,15840.0,25620.0,11220.0,321.3,22440.0,8644.0,8783.0,35250.0,17080.0,23470.0,1185.0,38700.0,21070.0,2987.0,837.0,12540.0,5745.0,186.2,24140.0,4305.0,13400.0,22280.0,4160.0,25840.0,26940.0,44560.0,1677.0,19150.0,4318.0,20330.0,19230.0,24400.0,17540.0,17780.0,35430.0,28450.0,18670.0,17210.0,14100.0,5155.0,9424.0,2703.0,10500.0,26920.0,10770.0,27440.0,33820.0,3058.0,7037.0,20010.0,1236.0,7883.0,979.7,26550.0,221.5,492.1,9734.0,1247.0,2039.0,14290.0,28980.0,6506.0,723.8,1910.0,17100.0,19360.0,579.2,16280.0,3997.0,3906.0,23860.0,16380.0,9115.0,16510.0,28970.0,12960.0,16430.0,776.4,11530.0,32540.0,8098.0,10960.0,16920.0,20960.0,28550.0,4174.0,5001.0,1401.0,20050.0,2898.0,14060.0,19540.0,16700.0,10120.0,4342.0,30450.0,24960.0,3372.0,4242.0,4995.0,25600.0,8560.0,4629.0,13620.0,13630.0,10660.0,10630.0,26780.0,5390.0,8245.0,2610.0,14570.0,8080.0,25960.0,14300.0,23840.0,19810.0,5107.0,8994.0,17120.0,12680.0,16780.0,13780.0,10620.0,19320.0,557.2,24540.0,30850.0,13680.0,23210.0,31930.0,11390.0,2416.0,2155.0,23210.0,3271.0,33680.0,968.1,940.9,9841.0,21710.0,20200.0,12690.0,23070.0,13490.0,10360.0,10460.0,14230.0,32150.0,22820.0,4538.0,11530.0,1043.0,31360.0,3371.0,23770.0,45870.0,2884.0,2895.0,13140.0,1675.0,17470.0,2350.0,14030.0,6861.0,6642.0,28220.0,584.2,13910.0,21970.0,6520.0,30560.0,1743.0,953.3,17710.0,2934.0,19860.0,19510.0,4854.0,10470.0,4661.0,12140.0,33640.0,686.5,17050.0,17140.0,759.9,16750.0,14570.0,15240.0,32470.0,10820.0,24270.0,31080.0,9602.0,2405.0,12900.0,10950.0,29400.0,513.9,14520.0,28390.0,3254.0,724.3,11180.0,15250.0,599.2,18410.0,22350.0,35100.0,3095.0,4741.0,2175.0,26510.0,16830.0,11140.0,19170.0,2159.0,22350.0,15050.0,27740.0,9549.0,30150.0,8645.0,474.8,827.7,16460.0,13870.0,26230.0,33450.0,19700.0,8.89,4598.0,22670.0,31990.0,29150.0,23820.0,13530.0,11750.0,22530.0,35170.0,17800.0,969.1,18110.0,19370.0,43200.0,14390.0,29720.0,1026.0,15390.0,6991.0,9437.0,18980.0,11460.0,27760.0,14150.0,6921.0,20810.0,13550.0,25440.0,19220.0,37090.0,23330.0,22780.0,3196.0,1576.0,4740.0,10380.0,19550.0,2617.0,31650.0,24920.0,18770.0,12400.0,8499.0,27860.0,25560.0,31510.0,15330.0,7130.0,23050.0,20780.0,21400.0,18350.0,22310.0,11590.0,17750.0,1889.0,6575.0,11470.0,7546.0,27640.0,7551.0,11610.0,2545.0,22960.0,6735.0,19110.0,18300.0,11250.0,7369.0,13030.0,6158.0,14950.0,10090.0,13010.0,27970.0,2397.0,34200.0,16110.0,32790.0,8988.0,15330.0,17380.0,24780.0,25410.0,16140.0,6328.0,14020.0,15520.0,8365.0,10450.0,17200.0,16520.0,20820.0,20460.0,4010.0,947.4,22100.0,16810.0,1292.0,7779.0,13030.0,17190.0,24490.0,22740.0,225.5,31150.0,13380.0,2888.0,18500.0,17980.0,17860.0,16400.0,28640.0,11990.0,7511.0,19120.0,15130.0,14650.0,34570.0,12220.0,14590.0,24330.0,26910.0,15190.0,38110.0,23930.0,16810.0,2490.0,15610.0,18270.0,20940.0,16070.0,29180.0,35280.0,13530.0,14470.0,17990.0,29180.0,2383.0,16650.0,21970.0,15350.0,34090.0,13440.0,17370.0,8191.0,8466.0,692.1,21020.0,14360.0,13930.0,10540.0,6640.0,1129.0,9001.0,12010.0
MYL7,ENSG00000106631.8,537.6,686.1,521.0,547.1,139.2,365.8,192.8,674.9,562.8,51.67,267.6,452.7,547.0,155.0,666.0,515.5,569.7,567.4,1039.0,91.09,530.8,203.1,284.9,245.2,194.7,652.8,2024.0,859.1,217.5,876.7,314.3,4.649,416.8,752.7,1344.0,746.4,601.2,398.8,583.3,302.4,180.5,304.1,631.6,426.0,678.1,125.6,607.8,14.21,424.1,195.7,408.6,431.6,1249.0,719.6,27.36,2459.0,334.3,1540.0,40.35,68.29,267.2,2.754,1671.0,207.8,791.2,225.2,401.5,901.0,1050.0,948.5,35.14,614.6,104.4,826.7,1752.0,621.5,38.75,728.2,575.4,181.1,1815.0,52.55,849.0,29.06,26.04,90.23,115.1,275.5,452.3,442.7,403.6,704.8,316.9,1183.0,45.85,586.1,16.99,291.4,4.205,10.97,86.92,20.8,24.04,84.12,1197.0,119.9,40.7,51.01,691.1,1431.0,14.96,774.8,88.87,353.4,921.6,99.43,1250.0,524.8,493.2,345.1,109.0,18.53,1249.0,1143.0,565.5,1008.0,685.5,1192.0,473.9,18.66,6.441,33.56,615.8,19.57,510.7,971.0,1457.0,107.7,95.44,529.0,1223.0,96.64,408.4,176.0,442.9,136.1,654.3,1403.0,1458.0,422.3,354.0,375.1,49.37,307.4,45.07,480.2,856.1,869.0,992.2,1275.0,367.6,875.5,456.3,75.26,283.3,651.0,363.4,668.3,1092.0,10.97,154.5,444.0,828.9,73.33,447.6,730.1,97.32,228.5,164.5,122.3,330.5,57.79,29.45,24.46,469.6,247.6,795.9,643.2,509.1,446.0,82.49,177.2,748.7,1081.0,241.9,1079.0,64.82,670.4,151.6,667.5,1553.0,230.7,39.58,311.4,36.46,745.0,19.55,238.6,165.6,80.73,777.3,8.962,125.0,164.5,34.87,525.2,109.6,22.69,764.3,130.7,1391.0,122.2,172.2,948.6,41.17,1319.0,676.6,31.22,29.52,907.3,30.03,695.1,825.2,1180.0,190.6,455.7,343.8,409.2,150.9,12.7,795.9,324.2,1736.0,5.073,356.7,763.7,10.71,31.89,232.6,217.6,46.25,187.2,509.7,355.6,621.0,76.24,116.6,1028.0,159.4,623.8,228.6,120.2,213.5,915.7,101.3,222.5,471.9,93.5,126.8,149.0,188.1,284.8,528.5,1915.0,509.8,0.5145,31.69,194.3,1139.0,2908.0,342.0,1079.0,96.4,216.1,318.6,123.4,102.1,352.6,178.1,508.0,608.0,1295.0,34.09,333.0,557.9,313.0,466.8,837.6,865.0,387.0,106.3,1351.0,1169.0,851.2,806.6,289.9,308.4,1411.0,154.4,66.88,293.2,449.1,205.5,58.27,1471.0,170.7,560.0,675.3,566.4,1283.0,609.6,333.3,717.2,250.6,322.6,638.1,124.8,782.8,609.4,803.0,234.1,8.052,333.6,706.1,1088.0,775.1,1077.0,92.01,56.25,264.2,97.62,1538.0,430.0,1208.0,1475.0,548.1,403.4,312.3,849.6,758.4,298.7,109.5,1625.0,101.7,767.0,918.9,496.8,630.1,196.6,2790.0,647.6,1707.0,1419.0,345.8,585.5,615.7,677.0,375.4,1948.0,928.8,281.4,110.9,685.7,392.7,223.5,96.74,301.1,1734.0,1160.0,96.13,4.913,791.1,195.9,93.5,734.2,233.3,211.9,1573.0,1347.0,531.5,498.9,511.8,267.1,489.9,523.5,541.9,332.3,607.2,109.2,364.7,769.5,448.4,540.0,94.92,82.34,438.7,533.0,754.2,1946.0,2390.0,339.2,1055.0,1093.0,1049.0,137.6,702.9,225.6,113.0,998.1,368.7,451.5,223.6,57.6,43.48,265.8,141.8,1527.0,986.7,415.3,116.3,243.4,178.7
NKX2-5,ENSG00000183072.9,140.4,139.2,180.9,40.73,104.8,164.8,30.59,153.5,159.6,115.3,46.27,42.16,166.6,136.6,71.24,54.51,96.07,66.4,196.0,83.35,108.4,91.51,67.49,141.6,36.94,171.3,217.2,133.4,125.0,152.1,75.26,2.809,62.91,110.6,142.5,137.7,119.4,222.7,135.5,148.1,58.23,150.6,286.7,103.3,120.4,107.5,164.8,2.016,100.2,177.4,89.01,104.6,121.6,102.5,10.69,118.6,147.1,101.7,11.39,154.8,38.06,0.9397,215.3,29.96,136.4,125.7,67.6,133.5,122.2,184.7,12.74,70.11,39.2,51.64,100.2,155.6,72.25,177.4,210.7,125.7,99.73,228.1,134.6,94.0,61.01,31.67,125.7,152.7,76.01,275.3,128.6,23.69,29.92,94.32,9.191,84.8,5.596,327.4,2.594,5.476,57.78,8.656,21.81,83.86,160.7,100.6,8.433,9.6,75.59,130.2,2.822,113.1,139.6,40.29,88.21,93.24,104.4,95.21,119.8,328.3,174.4,2.01,128.0,190.0,39.2,126.0,101.8,199.0,191.8,63.05,37.2,17.47,150.1,25.9,127.0,120.2,144.6,132.3,49.29,204.7,241.0,67.24,23.88,23.77,127.9,50.97,51.43,202.5,238.5,67.67,115.0,137.5,140.3,77.06,24.14,168.2,64.88,120.7,110.8,138.7,127.2,51.0,49.98,290.1,134.3,80.46,96.64,135.4,88.11,3.794,135.0,176.8,118.5,195.5,149.1,60.43,45.82,14.35,190.6,19.18,189.0,12.45,4.748,65.51,108.1,176.6,62.27,121.4,152.3,58.34,102.5,99.07,192.4,139.2,42.95,269.4,9.237,113.4,27.25,109.2,123.7,17.95,95.77,75.68,14.12,186.2,85.92,124.9,19.08,40.33,117.6,4.779,112.5,93.73,80.8,180.4,23.02,10.62,184.1,30.45,167.1,288.0,88.57,75.47,41.38,142.8,132.0,6.073,144.3,210.3,5.288,92.02,274.7,61.87,202.6,57.88,107.7,208.9,60.93,17.27,91.62,177.1,91.2,4.805,153.0,106.5,43.62,8.117,149.9,139.8,8.819,173.6,144.2,128.0,41.69,92.99,12.22,144.9,96.89,240.0,81.65,12.61,91.17,156.3,109.0,60.35,242.7,59.13,8.653,18.3,202.6,153.3,188.2,310.9,95.55,0.2164,57.66,110.7,167.7,116.3,192.1,116.8,174.1,143.5,178.0,157.7,12.26,133.2,142.7,233.2,141.9,89.27,3.46,96.33,96.07,84.88,216.0,111.8,81.35,46.4,60.49,137.0,68.72,176.9,111.0,112.5,140.4,139.9,45.09,11.53,114.9,59.06,84.0,61.5,153.6,82.51,105.6,101.6,92.56,148.5,113.9,99.02,119.1,72.84,95.43,159.5,121.0,52.55,102.1,96.53,145.5,30.95,143.6,171.5,58.76,252.9,234.2,124.3,28.45,130.0,43.14,220.1,51.56,65.97,73.98,82.04,78.2,218.4,108.7,79.68,190.3,20.97,207.9,89.21,124.5,161.7,57.69,180.7,108.3,188.3,93.1,47.89,90.9,73.94,67.09,66.16,186.3,134.2,82.07,233.7,103.3,11.79,130.5,130.3,20.33,60.32,147.0,138.5,260.8,189.4,3.22,107.7,94.93,28.4,105.5,142.5,94.86,110.1,210.3,110.2,183.2,65.23,109.2,127.2,135.7,116.3,128.6,152.3,148.6,124.6,123.3,271.4,174.2,21.08,105.0,187.1,166.6,162.1,156.2,160.8,76.62,172.3,110.0,137.1,27.79,69.72,109.0,104.2,162.3,247.4,150.7,74.34,116.2,4.208,151.2,95.64,127.4,141.0,94.47,10.92,34.02,128.0
